Workbook

Sheet map
A1: Legacy | B1: Vuln ID | C1: Rule ID | D1: Legacy | E1: Legacy
A2: V-63319 | B2: V-220697 | C2: SV-220697r569187_rule | D2: V-63319 | E2: SV-77809
A3: V-63323 | B3: V-220698 | C3: SV-220698r569187_rule | D3: V-63323 | E3: SV-77813
A4: V-77083 | B4: V-220699 | C4: SV-220699r569187_rule | D4: V-77083 | E4: SV-91779
A5: V-77085 | B5: V-220700 | C5: SV-220700r569187_rule | D5: V-77085 | E5: SV-91781
A6: V-63343 | B6: V-220701 | C6: SV-220701r569187_rule | D6: V-63343 | E6: SV-77833
A7: V-63337 | B7: V-220702 | C7: SV-220702r569228_rule | D7: V-63337 | E7: SV-77827
A8: V-94859 | B8: V-220703 | C8: SV-220703r569288_rule | D8: V-94859 | E8: SV-104689
A9: V-94861 | B9: V-220704 | C9: SV-220704r569290_rule | D9: V-94861 | E9: SV-104691
A10: V-63345 | B10: V-220705 | C10: SV-220705r569187_rule | D10: V-63345 | E10: SV-77835
A11: V-63349 | B11: V-220706 | C11: SV-220706r646212_rule | D11: V-63349 | E11: SV-77839
A12: V-63351 | B12: V-220707 | C12: SV-220707r569187_rule | D12: V-63351 | E12: SV-77841
... A285: V-63941 | B285: V-220983 | C285: SV-220983r569187_rule | D285: V-63941 | E285: SV-78431
B286: V-230220 | C286: SV-230220r569300_rule

Sheet Sheet3
A1: Legacy | B1: Vuln ID | C1: Vuln ID | D1: Rule ID | E1: Rule Title | F1: Discussion | G1: Check Content | H1: Fix Text | I1: STIG | J1: Status | K1: Fully Qualified Domain Name | L1: NIST SP 800-53 Revision 4 References | M1: Legacy | N1: Legacy | O1: Legacy | P1: vl
A2: V-100093 | B2: 220793 | C2: V-220793 | D2: SV-220793r569187_rule | E2: Windows 10 must cover or disable the built-in or attached camera when not in use. | F2: It is detrimental for operating systems to provide, or install by default, functionality exceeding requirements or mission objectives. These unnecessary capabilities or services are often overlooked and therefore may remain unsecured. They increase the risk to the platform by providing additional attack vectors. Failing to disconnect from collaborative computing devices (i.e. cameras) can result in subsequent compromises of organizational information. Providing easy methods to physically disconnect from such devices after a collaborative computing session helps to ensure that participants actually carry out the disconnect activity without having to go through complex and tedious procedures. Satisfies: SRG-OS-000095-GPOS-00049, SRG-OS-000370-GPOS-00155 | G2: If the device or operating system does not have a camera installed, this requirement is not applicable. This requirement is not applicable to mobile devices (smartphones and tablets), where the use of the camera is a local AO decision. This requirement is not applicable to dedicated VTC suites located in approved VTC locations that are centrally managed. For an external camera, if there is not a method for the operator to manually disconnect camera at the end of collaborative computing sessions, this is a finding. For a built-in camera, the camera must be protected by a camera cover (e.g. laptop camera cover slide) when not in use. If the built-in camera is not protected with a camera cover, or if the built-in camera is not disabled in the bios, this is a finding. If the camera is not disconnected or covered, the following registry entry is required: Registry Hive: HKEY_LOCAL_MACHINE RegistryPath\SOFTWARE\Microsoft\Windows\CurrentVersion\CapabilityAccessManager\ConsentStore\webcam Value Name: Deny If "Value Name" is set to a value other than "Deny" and the collaborative computing device has not been authorized for use, this is a finding. | H2: If the camera is not disconnected or covered, the following registry entry is required. Registry Hive: HKEY_LOCAL_MACHINE RegistryPath\SOFTWARE\Microsoft\Windows\CurrentVersion\CapabilityAccessManager\ConsentStore\webcam Value Name: Deny | I2: Windows 10 Security Technical Implementation Guide :: Version 2, Release: 2 Benchmark Date: 04 May 2021 | J2: Not Reviewed | L2: CM-7 a | M2: V-100093; SV-109197 | N2: V-100093 | O2: SV-109197 | P2: V-100093
A3: V-63323 | B3: 220698 | C3: V-220698 | D3: SV-220698r569187_rule | E3: Windows 10 domain-joined systems must have a Trusted Platform Module (TPM) enabled and ready for use. | F3: Credential Guard uses virtualization based security to protect information that could be used in credential theft attacks if compromised. There are a number of system requirements that must be met in order for Credential Guard to be configured and enabled properly. Without a TPM enabled and ready for use, Credential Guard keys are stored in a less secure method using software. | G3: Verify domain-joined systems have a TPM enabled and ready for use. For standalone systems, this is NA. Virtualization based security, including Credential Guard, currently cannot be implemented in virtual desktop implementations (VDI) due to specific supporting requirements including a TPM, UEFI with Secure Boot, and the capability to run the Hyper-V feature within the virtual desktop. For VDIs where the virtual desktop instance is deleted or refreshed upon logoff, this is NA. Verify the system has a TPM and is ready for use. Run "tpm.msc". Review the sections in the center pane. "Status" must indicate it has been configured with a message such as "The TPM is ready for use" or "The TPM is on and ownership has been taken". TPM Manufacturer Information - Specific Version = 2.0 or 1.2 If a TPM is not found or is not ready for use, this is a finding. | H3: For standalone systems, this is NA. Virtualization based security, including Credential Guard, currently cannot be implemented in virtual desktop implementations (VDI) due to specific supporting requirements including a TPM, UEFI with Secure Boot, and the capability to run the Hyper-V feature within the virtual desktop. For VDIs where the virtual desktop instance is deleted or refreshed upon logoff, this is NA. Ensure domain-joined systems must have a Trusted Platform Module (TPM) that is configured for use. (Versions 2.0 or 1.2 support Credential Guard.) The TPM must be enabled in the firmware. Run "tpm.msc" for configuration options in Windows. | I3: Windows 10 Security Technical Implementation Guide :: Version 2, Release: 2 Benchmark Date: 04 May 2021 | J3: Not Reviewed | L3: CM-6 b | M3: V-63323; SV-77813 | N3: V-63323 | O3: SV-77813 | P3: V-63323
A4: V-63345 | B4: 220705 | C4: V-220705 | D4: SV-220705r569187_rule | E4: The operating system must employ a deny-all, permit-by-exception policy to allow the execution of authorized software programs. | F4: Utilizing a whitelist provides a configuration management method for allowing the execution of only authorized software. Using only authorized software decreases risk by limiting the number of potential vulnerabilities. The organization must identify authorized software programs and only permit execution of authorized software. The process used to identify software programs that are authorized to execute on organizational information systems is commonly referred to as whitelisting. | G4: This is applicable to unclassified systems; for other systems this is NA. Verify the operating system employs a deny-all, permit-by-exception policy to allow the execution of authorized software programs. This must include packaged apps such as the universals apps installed by default on systems. If an application whitelisting program is not in use on the system, this is a finding. Configuration of whitelisting applications will vary by the program. AppLocker is a whitelisting application built into Windows 10 Enterprise. A deny-by-default implementation is initiated by enabling any AppLocker rules within a category, only allowing what is specified by defined rules. If AppLocker is used, perform the following to view the configuration of AppLocker: Run "PowerShell". Execute the following command, substituting [c:\temp\file.xml] with a location and file name appropriate for the system: Get-AppLockerPolicy -Effective -XML > c:\temp\file.xml This will produce an xml file with the effective settings that can be viewed in a browser or opened in a program such as Excel for review. Implementation guidance for AppLocker is available in the NSA paper "Application Whitelisting using Microsoft AppLocker" at the following link: https://www.iad.gov/iad/library/ia-guidance/tech-briefs/application-whitelisting-using-microsoft-applocker.cfm | H4: Configure an application whitelisting program to employ a deny-all, permit-by-exception policy to allow the execution of authorized software programs. Configuration of whitelisting applications will vary by the program. AppLocker is a whitelisting application built into Windows 10 Enterprise. If AppLocker is used, it is configured through group policy in Computer Configuration >> Windows Settings >> Security Settings >> Application Control Policies >> AppLocker. Implementation guidance for AppLocker is available in the NSA paper "Application Whitelisting using Microsoft AppLocker" at the following link: https://www.iad.gov/iad/library/ia-guidance/tech-briefs/application-whitelisting-using-microsoft-applocker.cfm | I4: Windows 10 Security Technical Implementation Guide :: Version 2, Release: 2 Benchmark Date: 04 May 2021 | J4: Not Reviewed | L4: CM-7 (5) (b) | M4: V-63345; SV-77835 | N4: V-63345 | O4: SV-77835 | P4: V-63345
A5: V-63351 | B5: 220707 | C5: V-220707 | D5: SV-220707r569187_rule | E5: The Windows 10 system must use an anti-virus program. | F5: Malicious software can establish a base on individual desktops and servers. Employing an automated mechanism to detect this type of software will aid in elimination of the software from the operating system. | G5: Verify an anti-virus solution is installed on the system and in use. The anti-virus solution may be bundled with an approved host-based security solution. Verify if Windows Defender is in use or enabled: Open "PowerShell". Enter â€œget-service | where {$_.DisplayName -Like "*Defender*"} | Select Status,DisplayNameâ€ Verify third-party antivirus is in use or enabled: Open "PowerShell". Enter â€œget-service | where {$_.DisplayName -Like "*mcafee*"} | Select Status,DisplayNameâ€ Enter â€œget-service | where {$_.DisplayName -Like "*symantec*"} | Select Status,DisplayNameâ€ If there is no anti-virus solution installed on the system, this is a finding. | H5: If no anti-virus software is in use, install Windows Defender or a third-party anti-virus solution. | I5: Windows 10 Security Technical Implementation Guide :: Version 2, Release: 2 Benchmark Date: 04 May 2021 | J5: Not Reviewed | L5: CM-6 b | M5: V-63351; SV-77841 | N5: V-63351 | O5: SV-77841 | P5: V-63351
A6: V-63355 | B6: 220709 | C6: V-220709 | D6: SV-220709r569187_rule | E6: Alternate operating systems must not be permitted on the same system. | F6: Allowing other operating systems to run on a secure system may allow security to be circumvented. | G6: Verify the system does not include other operating system installations. Run "Advanced System Settings". Select the "Advanced" tab. Click the "Settings" button in the "Startup and Recovery" section. If the drop-down list box "Default operating system:" shows any operating system other than Windows 10, this is a finding. | H6: Ensure Windows 10 is the only operating system on a device. Remove alternate operating systems. | I6: Windows 10 Security Technical Implementation Guide :: Version 2, Release: 2 Benchmark Date: 04 May 2021 | J6: Not Reviewed | L6: CM-6 b | M6: V-63355; SV-77845 | N6: V-63355 | O6: SV-77845 | P6: V-63355
A7: V-63357 | B7: 220710 | C7: V-220710 | D7: SV-220710r569187_rule | E7: Non system-created file shares on a system must limit access to groups that require it. | F7: Shares which provide network access, should not typically exist on a workstation except for system-created administrative shares, and could potentially expose sensitive information. If a share is necessary, share permissions, as well as NTFS permissions, must be reconfigured to give the minimum access to those accounts that require it. | G7: Non system-created shares should not typically exist on workstations. If only system-created shares exist on the system this is NA. Run "Computer Management". Navigate to System Tools >> Shared Folders >> Shares. If the only shares listed are "ADMIN$", "C$" and "IPC$", this is NA. (Selecting Properties for system-created shares will display a message that it has been shared for administrative purposes.) Right click any non-system-created shares. Select "Properties". Select the "Share Permissions" tab. Verify the necessity of any shares found. If the file shares have not been reconfigured to restrict permissions to the specific groups or accounts that require access, this is a finding. Select the "Security" tab. If the NTFS permissions have not been reconfigured to restrict permissions to the specific groups or accounts that require access, this is a finding. | H7: If a non system-created share is required on a system, configure the share and NTFS permissions to limit access to the specific groups or accounts that require it. Remove any unnecessary non-system created shares. | I7: Windows 10 Security Technical Implementation Guide :: Version 2, Release: 2 Benchmark Date: 04 May 2021 | J7: Not Reviewed | L7: SC-4 | M7: V-63357; SV-77847 | N7: V-63357 | O7: SV-77847 | P7: V-63357
A8: V-63359 | B8: 220711 | C8: V-220711 | D8: SV-220711r569187_rule | E8: Unused accounts must be disabled or removed from the system after 35 days of inactivity. | F8: Outdated or unused accounts provide penetration points that may go undetected. Inactive accounts must be deleted if no longer necessary or, if still required, disable until needed. | G8: Run "PowerShell". Copy the lines below to the PowerShell window and enter. "([ADSI]('WinNT://{0}' -f $env:COMPUTERNAME)).Children | Where { $_.SchemaClassName -eq 'user' } | ForEach { $user = ([ADSI]$_.Path) $lastLogin = $user.Properties.LastLogin.Value $enabled = ($user.Properties.UserFlags.Value -band 0x2) -ne 0x2 if ($lastLogin -eq $null) { $lastLogin = 'Never' } Write-Host $user.Name $lastLogin $enabled }" This will return a list of local accounts with the account name, last logon, and if the account is enabled (True/False). For example: User1 10/31/2015 5:49:56 AM True Review the list to determine the finding validity for each account reported. Exclude the following accounts: Built-in administrator account (Disabled, SID ending in 500) Built-in guest account (Disabled, SID ending in 501) Built-in DefaultAccount (Disabled, SID ending in 503) Local administrator account If any enabled accounts have not been logged on to within the past 35 days, this is a finding. Inactive accounts that have been reviewed and deemed to be required must be documented with the ISSO. | H8: Regularly review local accounts and verify their necessity. Disable or delete any active accounts that have not been used in the last 35 days. | I8: Windows 10 Security Technical Implementation Guide :: Version 2, Release: 2 Benchmark Date: 04 May 2021 | J8: Not Reviewed | L8: IA-4 e | M8: V-63359; SV-77849 | N8: V-63359 | O8: SV-77849 | P8: V-63359
A9: V-63361 | B9: 220712 | C9: V-220712 | D9: SV-220712r569187_rule | E9: Only accounts responsible for the administration of a system must have Administrator rights on the system. | F9: An account that does not have Administrator duties must not have Administrator rights. Such rights would allow the account to bypass or modify required security restrictions on that machine and make it vulnerable to attack. System administrators must log on to systems only using accounts with the minimum level of authority necessary. For domain-joined workstations, the Domain Admins group must be replaced by a domain workstation administrator group (see V-36434 in the Active Directory Domain STIG). Restricting highly privileged accounts from the local Administrators group helps mitigate the risk of privilege escalation resulting from credential theft attacks. Standard user accounts must not be members of the local administrators group. | G9: Run "Computer Management". Navigate to System Tools >> Local Users and Groups >> Groups. Review the members of the Administrators group. Only the appropriate administrator groups or accounts responsible for administration of the system may be members of the group. For domain-joined workstations, the Domain Admins group must be replaced by a domain workstation administrator group. Standard user accounts must not be members of the local administrator group. If prohibited accounts are members of the local administrators group, this is a finding. The built-in Administrator account or other required administrative accounts would not be a finding. | H9: Configure the system to include only administrator groups or accounts that are responsible for the system in the local Administrators group. For domain-joined workstations, the Domain Admins group must be replaced by a domain workstation administrator group. Remove any standard user accounts. | I9: Windows 10 Security Technical Implementation Guide :: Version 2, Release: 2 Benchmark Date: 04 May 2021 | J9: Not Reviewed | L9: AC-6 (10) | M9: V-63361; SV-77851 | N9: V-63361 | O9: SV-77851 | P9: V-63361
A10: V-63363 | B10: 220713 | C10: V-220713 | D10: SV-220713r569187_rule | E10: Only accounts responsible for the backup operations must be members of the Backup Operators group. | F10: Backup Operators are able to read and write to any file in the system, regardless of the rights assigned to it. Backup and restore rights permit users to circumvent the file access restrictions present on NTFS disk drives for backup and restore purposes. Members of the Backup Operators group must have separate logon accounts for performing backup duties. | G10: Run "Computer Management". Navigate to System Tools >> Local Users and Groups >> Groups. Review the members of the Backup Operators group. If the group contains no accounts, this is not a finding. If the group contains any accounts, the accounts must be specifically for backup functions. If the group contains any standard user accounts used for performing normal user tasks, this is a finding. | H10: Create separate accounts for backup operations for users with this privilege. | I10: Windows 10 Security Technical Implementation Guide :: Version 2, Release: 2 Benchmark Date: 04 May 2021 | J10: Not Reviewed | L10: CM-6 b | M10: V-63363; SV-77853 | N10: V-63363 | O10: SV-77853 | P10: V-63363
A11: V-63367 | B11: 220715 | C11: V-220715 | D11: SV-220715r569187_rule | E11: Standard local user accounts must not exist on a system in a domain. | F11: To minimize potential points of attack, local user accounts, other than built-in accounts and local administrator accounts, must not exist on a workstation in a domain. Users must log onto workstations in a domain with their domain accounts. | G11: Run "Computer Management". Navigate to System Tools >> Local Users and Groups >> Users. If local users other than the accounts listed below exist on a workstation in a domain, this is a finding. Built-in Administrator account (Disabled) Built-in Guest account (Disabled) Built-in DefaultAccount (Disabled) Built-in defaultuser0 (Disabled) Built-in WDAGUtilityAccount (Disabled) Local administrator account(s) All of the built-in accounts may not exist on a system, depending on the Windows 10 version. | H11: Limit local user accounts on domain-joined systems. Remove any unauthorized local accounts. | I11: Windows 10 Security Technical Implementation Guide :: Version 2, Release: 2 Benchmark Date: 04 May 2021 | J11: Not Reviewed | L11: CM-6 b | M11: V-63367; SV-77857 | N11: V-63367 | O11: SV-77857 | P11: V-63367
A12: V-63371 | B12: 220716 | C12: V-220716 | D12: SV-220716r569187_rule | E12: Accounts must be configured to require password expiration. | F12: Passwords that do not expire increase exposure with a greater probability of being discovered or cracked. | G12: Run "Computer Management". Navigate to System Tools >> Local Users and Groups >> Users. Double click each active account. If "Password never expires" is selected for any account, this is a finding. | H12: Configure all passwords to expire. Run "Computer Management". Navigate to System Tools >> Local Users and Groups >> Users. Double click each active account. Ensure "Password never expires" is not checked on all active accounts. | I12: Windows 10 Security Technical Implementation Guide :: Version 2, Release: 2 Benchmark Date: 04 May 2021 | J12: Not Reviewed | L12: IA-5 (1) (d) | M12: V-63371; SV-77861 | N12: V-63371 | O12: SV-77861 | P12: V-63371
A13: V-63393 | B13: 220723 | C13: V-220723 | D13: SV-220723r569187_rule | E13: Software certificate installation files must be removed from Windows 10. | F13: Use of software certificates and their accompanying installation files for end users to access resources is less secure than the use of hardware-based certificates. | G13: Search all drives for *.p12 and *.pfx files. If any files with these extensions exist, this is a finding. This does not apply to server-based applications that have a requirement for .p12 certificate files (e.g., Oracle Wallet Manager) or Adobe PreFlight certificate files. Some applications create files with extensions of .p12 that are not certificate installation files. Removal of non-certificate installation files from systems is not required. These must be documented with the ISSO. | H13: Remove any certificate installation files (*.p12 and *.pfx) found on a system. Note: This does not apply to server-based applications that have a requirement for .p12 certificate files (e.g., Oracle Wallet Manager) or Adobe PreFlight certificate files. | I13: Windows 10 Security Technical Implementation Guide :: Version 2, Release: 2 Benchmark Date: 04 May 2021 | J13: Not Reviewed | L13: CM-6 b | M13: V-63393; SV-77883 | N13: V-63393 | O13: SV-77883 | P13: V-63393
... A23: V-76505 | B23: 220733 | C23: V-220733 | D23: SV-220733r569187_rule | E23: Orphaned security identifiers (SIDs) must be removed from user rights on Windows 10. | F23: Accounts or groups given rights on a system may show up as unresolved SIDs for various reasons including deletion of the accounts or groups. If the account or group objects are reanimated, there is a potential they may still have rights no longer intended. Valid domain accounts or groups may also show up as unresolved SIDs if a connection to the domain cannot be established for some reason. | G23: Review the effective User Rights setting in Local Group Policy Editor. Run "gpedit.msc". Navigate to Local Computer Policy >> Computer Configuration >> Windows Settings >> Security Settings >> Local Policies >> User Rights Assignment. Review each User Right listed for any unresolved SIDs to determine whether they are valid, such as due to being temporarily disconnected from the domain. (Unresolved SIDs have the format of "*S-1-â€¦".) If any unresolved SIDs exist and are not for currently valid accounts or groups, this is a finding. | H23: Remove any unresolved SIDs found in User Rights assignments and determined to not be for currently valid accounts or groups by removing the accounts or groups from the appropriate group policy. | I23: Windows 10 Security Technical Implementation Guide :: Version 2, Release: 2 Benchmark Date: 04 May 2021 | J23: Not Reviewed | L23: CM-6 b | M23: V-76505; SV-91201 | N23: V-76505 | O23: SV-91201 | P23: V-76505
A24: V-77085 | B24: 220700 | C24: V-220700 | D24: SV-220700r569187_rule | E24: Secure Boot must be enabled on Windows 10 systems. | F24: Secure Boot is a standard that ensures systems boot only to a trusted operating system. Secure Boot is required to support additional security features in Windows 10, including Virtualization Based Security and Credential Guard. If Secure Boot is turned off, these security features will not function. | G24: Some older systems may not have UEFI firmware. This is currently a CAT III; it will be raised in severity at a future date when broad support of Windows 10 hardware and firmware requirements are expected to be met. Devices that have UEFI firmware must have Secure Boot enabled. For virtual desktop implementations (VDIs) where the virtual desktop instance is deleted or refreshed upon logoff, this is NA. Run "System Information". Under "System Summary", if "Secure Boot State" does not display "On", this is finding. | H24: Enable Secure Boot in the system firmware. | I24: Windows 10 Security Technical Implementation Guide :: Version 2, Release: 2 Benchmark Date: 04 May 2021 | J24: Not Reviewed | L24: CM-6 b | M24: V-77085; SV-91781 | N24: V-77085 | O24: SV-91781 | P24: V-77085
A25: V-77091 | B25: 220873 | C25: V-220873 | D25: SV-220873r569187_rule | E25: Windows 10 Exploit Protection system-level mitigation, Data Execution Prevention (DEP), must be on. | F25: Exploit protection in Windows 10 enables mitigations against potential threats at the system and application level. Several mitigations, including "Data Execution Prevention (DEP)", are enabled by default at the system level. DEP prevents code from being run from data-only memory pages. If this is turned off, Windows 10 may be subject to various exploits. | G25: This is NA prior to v1709 of Windows 10. This is applicable to unclassified systems, for other systems this is NA. The default configuration in Exploit Protection is "On by default" which meets this requirement. The PowerShell query results for this show as "NOTSET". Run "Windows PowerShell" with elevated privileges (run as administrator). Enter "Get-ProcessMitigation -System". If the status of "DEP: Enable" is "OFF", this is a finding. Values that would not be a finding include: ON NOTSET (Default configuration) | H25: Ensure Exploit Protection system-level mitigation, "Data Execution Prevention (DEP)", is turned on. The default configuration in Exploit Protection is "On by default" which meets this requirement. Open "Windows Defender Security Center". Select "App & browser control". Select "Exploit protection settings". Under "System settings", configure "Data Execution Prevention (DEP)" to "On by default" or "Use default (<On>)". The STIG package includes a DoD EP XML file in the "Supporting Files" folder for configuring application mitigations defined in the STIG. This can also be modified to explicitly enforce the system level requirements. Adding the following to the XML file will explicitly turn DEP on (other system level EP requirements can be combined under <SystemConfig>): <SystemConfig> <DEP Enable="true"></DEP> </SystemConfig> The XML file is applied with the group policy setting Computer Configuration >> Administrative Settings >> Windows Components >> Windows Defender Exploit Guard >> Exploit Protection >> "Use a common set of exploit protection settings" configured to "Enabled" with file name and location defined under "Options:". It is recommended the file be in a read-only network location. | I25: Windows 10 Security Technical Implementation Guide :: Version 2, Release: 2 Benchmark Date: 04 May 2021 | J25: Not Reviewed | L25: CM-6 b | M25: V-77091; SV-91787 | N25: V-77091 | O25: SV-91787 | P25: V-77091
A26: V-77095 | B26: 220874 | C26: V-220874 | D26: SV-220874r569187_rule | E26: Windows 10 Exploit Protection system-level mitigation, Randomize memory allocations (Bottom-Up ASLR), must be on. | F26: Exploit protection in Windows 10 enables mitigations against potential threats at the system and application level. Several mitigations, including "Randomize memory allocations (Bottom-Up ASLR)", are enabled by default at the system level. Bottom-Up ASLR (address space layout randomization) randomizes locations for virtual memory allocations, including those for system structures. If this is turned off, Windows 10 may be subject to various exploits. | G26: This is NA prior to v1709 of Windows 10. This is applicable to unclassified systems, for other systems this is NA. The default configuration in Exploit Protection is "On by default" which meets this requirement. The PowerShell query results for this show as "NOTSET". Run "Windows PowerShell" with elevated privileges (run as administrator). Enter "Get-ProcessMitigation -System". If the status of "ASLR: BottomUp" is "OFF", this is a finding. Values that would not be a finding include: ON NOTSET (Default configuration) | H26: Ensure Exploit Protection system-level mitigation, "Randomize memory allocations (Bottom-Up ASLR)" is turned on. The default configuration in Exploit Protection is "On by default" which meets this requirement. Open "Windows Defender Security Center". Select "App & browser control". Select "Exploit protection settings". Under "System settings", configure "Randomize memory allocations (Bottom-Up ASLR)" to "On by default" or "Use default (<On>)". The STIG package includes a DoD EP XML file in the "Supporting Files" folder for configuring application mitigations defined in the STIG. This can also be modified to explicitly enforce the system level requirements. Adding the following to the XML file will explicitly turn Bottom-Up ASLR on (other system level EP requirements can be combined under <SystemConfig>): <SystemConfig> <ASLR BottomUp="true"</ASLR> </SystemConfig> The XML file is applied with the group policy setting Computer Configuration >> Administrative Settings >> Windows Components >> Windows Defender Exploit Guard >> Exploit Protection >> "Use a common set of exploit protection settings" configured to "Enabled" with file name and location defined under "Options:". It is recommended the file be in a read-only network location. | I26: Windows 10 Security Technical Implementation Guide :: Version 2, Release: 2 Benchmark Date: 04 May 2021 | J26: Not Reviewed | L26: SI-16 | M26: V-77095; SV-91791 | N26: V-77095 | O26: SV-91791 | P26: V-77095
A27: V-77097 | B27: 220875 | C27: V-220875 | D27: SV-220875r569187_rule | E27: Windows 10 Exploit Protection system-level mitigation, Control flow guard (CFG), must be on. | F27: Exploit protection in Windows 10 enables mitigations against potential threats at the system and application level. Several mitigations, including "Control flow guard (CFG)", are enabled by default at the system level. CFG ensures flow integrity for indirect calls. If this is turned off, Windows 10 may be subject to various exploits. | G27: This is NA prior to v1709 of Windows 10. This is applicable to unclassified systems, for other systems this is NA. The default configuration in Exploit Protection is "On by default" which meets this requirement. The PowerShell query results for this show as "NOTSET". Run "Windows PowerShell" with elevated privileges (run as administrator). Enter "Get-ProcessMitigation -System". If the status of "CFG: Enable" is "OFF", this is a finding. Values that would not be a finding include: ON NOTSET (Default configuration) | H27: Ensure Exploit Protection system-level mitigation, "Control flow guard (CFG)", is turned on. The default configuration in Exploit Protection is "On by default" which meets this requirement. Open "Windows Defender Security Center". Select "App & browser control". Select "Exploit protection settings". Under "System settings", configure "Control flow guard (CFG)" to "On by default" or "Use default (<On>)". The STIG package includes a DoD EP XML file in the "Supporting Files" folder for configuring application mitigations defined in the STIG. This can also be modified to explicitly enforce the system level requirements. Adding the following to the XML file will explicitly turn CFG on (other system level EP requirements can be combined under <SystemConfig>): <SystemConfig> <ControlFlowGuard Enable="true"></ControlFlowGuard> </SystemConfig> The XML file is applied with the group policy setting Computer Configuration >> Administrative Settings >> Windows Components >> Windows Defender Exploit Guard >> Exploit Protection >> "Use a common set of exploit protection settings" configured to "Enabled" with file name and location defined under "Options:". It is recommended the file be in a read-only network location. | I27: Windows 10 Security Technical Implementation Guide :: Version 2, Release: 2 Benchmark Date: 04 May 2021 | J27: Not Reviewed | L27: CM-6 b | M27: V-77097; SV-91793 | N27: V-77097 | O27: SV-91793 | P27: V-77097
A28: V-77101 | B28: 220876 | C28: V-220876 | D28: SV-220876r569187_rule | E28: Windows 10 Exploit Protection system-level mitigation, Validate exception chains (SEHOP), must be on. | F28: Exploit protection in Windows 10 enables mitigations against potential threats at the system and application level. Several mitigations, including "Validate exception chains (SEHOP)", are enabled by default at the system level. SEHOP (structured exception handling overwrite protection) ensures the integrity of an exception chain during exception dispatch. If this is turned off, Windows 10 may be subject to various exploits. | G28: This is NA prior to v1709 of Windows 10. This is applicable to unclassified systems, for other systems this is NA. The default configuration in Exploit Protection is "On by default" which meets this requirement. The PowerShell query results for this show as "NOTSET". Run "Windows PowerShell" with elevated privileges (run as administrator). Enter "Get-ProcessMitigation -System". If the status of "SEHOP: Enable" is "OFF", this is a finding. Values that would not be a finding include: ON NOTSET (Default configuration) | H28: Ensure Exploit Protection system-level mitigation, "Validate exception chains (SEHOP)", is turned on. The default configuration in Exploit Protection is "On by default" which meets this requirement. Open "Windows Defender Security Center". Select "App & browser control". Select "Exploit protection settings". Under "System settings", configure "Validate exception chains (SEHOP)" to "On by default" or "Use default (<On>)". The STIG package includes a DoD EP XML file in the "Supporting Files" folder for configuring application mitigations defined in the STIG. This can also be modified to explicitly enforce the system level requirements. Adding the following to the XML file will explicitly turn SEHOP on (other system level EP requirements can be combined under <SystemConfig>): <SystemConfig> <SEHOP Enable="true"></SEHOP> </SystemConfig> The XML file is applied with the group policy setting Computer Configuration >> Administrative Settings >> Windows Components >> Windows Defender Exploit Guard >> Exploit Protection >> "Use a common set of exploit protection settings" configured to "Enabled" with file name and location defined under "Options:". It is recommended the file be in a read-only network location. | I28: Windows 10 Security Technical Implementation Guide :: Version 2, Release: 2 Benchmark Date: 04 May 2021 | J28: Not Reviewed | L28: CM-6 b | M28: V-77101; SV-91797 | N28: V-77101 | O28: SV-91797 | P28: V-77101
A29: V-77103 | B29: 220877 | C29: V-220877 | D29: SV-220877r569187_rule | E29: Windows 10 Exploit Protection system-level mitigation, Validate heap integrity, must be on. | F29: Exploit protection in Windows 10 enables mitigations against potential threats at the system and application level. Several mitigations, including "Validate heap integrity", are enabled by default at the system level. "Validate heap integrity" terminates a process when heap corruption is detected. If this is turned off, Windows 10 may be subject to various exploits. | G29: This is NA prior to v1709 of Windows 10. This is applicable to unclassified systems, for other systems this is NA. The default configuration in Exploit Protection is "On by default" which meets this requirement. The PowerShell query results for this show as "NOTSET". Run "Windows PowerShell" with elevated privileges (run as administrator). Enter "Get-ProcessMitigation -System". If the status of "Heap: TerminateOnError" is "OFF", this is a finding. Values that would not be a finding include: ON NOTSET (Default configuration) | H29: Ensure Exploit Protection system-level mitigation, "Validate heap integrity" is turned on. The default configuration in Exploit Protection is "On by default" which meets this requirement. Open "Windows Defender Security Center". Select "App & browser control". Select "Exploit protection settings". Under "System settings", configure "Validate heap integrity" to "On by default" or "Use default (<On>)". The STIG package includes a DoD EP XML file in the "Supporting Files" folder for configuring application mitigations defined in the STIG. This can also be modified to explicitly enforce the system level requirements. Adding the following to the XML file will explicitly turn Validate heap integrity on (other system level EP requirements can be combined under <SystemConfig>): <SystemConfig> <Heap TerminateOnError="true"></Heap> </SystemConfig> The XML file is applied with the group policy setting Computer Configuration >> Administrative Settings >> Windows Components >> Windows Defender Exploit Guard >> Exploit Protection >> "Use a common set of exploit protection settings" configured to "Enabled" with file name and location defined under "Options:". It is recommended the file be in a read-only network location. | I29: Windows 10 Security Technical Implementation Guide :: Version 2, Release: 2 Benchmark Date: 04 May 2021 | J29: Not Reviewed | L29: CM-6 b | M29: V-77103; SV-91799 | N29: V-77103 | O29: SV-91799 | P29: V-77103
A30: V-77189 | B30: 220878 | C30: V-220878 | D30: SV-220878r569187_rule | E30: Exploit Protection mitigations in Windows 10 must be configured for Acrobat.exe. | F30: Exploit protection in Windows 10 provides a means of enabling additional mitigations against potential threats at the system and application level. Without these additional application protections, Windows 10 may be subject to various exploits. | G30: This is NA prior to v1709 of Windows 10. This is applicable to unclassified systems, for other systems this is NA. Run "Windows PowerShell" with elevated privileges (run as administrator). Enter "Get-ProcessMitigation -Name Acrobat.exe". (Get-ProcessMitigation can be run without the -Name parameter to get a list of all application mitigations configured.) If the following mitigations do not have the listed status which is shown below, this is a finding: DEP: Override DEP: False ASLR: ForceRelocateImages: ON Payload: OverrideExportAddressFilter: False OverrideExportAddressFilterPlus: False OverrideImportAddressFilter: False OverrideEnableRopStackPivot: False OverrideEnableRopCallerCheck: False OverrideEnableRopSimExec: False The PowerShell command produces a list of mitigations; only those with a required status of are listed here. If the PowerShell command does not produce results, ensure the letter case of the filename within the command syntax matches the letter case of the actual filename on the system. | H30: Ensure the following mitigations are configured as shown for Acrobat.exe: DEP: Override DEP: False ASLR: ForceRelocateImages: ON Payload: OverrideExportAddressFilter: False OverrideExportAddressFilterPlus: False OverrideImportAddressFilter: False OverrideEnableRopStackPivot: False OverrideEnableRopCallerCheck: False OverrideEnableRopSimExec: False Application mitigations defined in the STIG are configured by a DoD EP XML file included with the Windows 10 STIG package in the "Supporting Files" folder. The XML file is applied with the group policy setting Computer Configuration >> Administrative Settings >> Windows Components >> Windows Defender Exploit Guard >> Exploit Protection >> "Use a common set of exploit protection settings" configured to "Enabled" with file name and location defined under "Options:". It is recommended the file be in a read-only network location. | I30: Windows 10 Security Technical Implementation Guide :: Version 2, Release: 2 Benchmark Date: 04 May 2021 | J30: Not Reviewed | L30: CM-6 b | M30: V-77189; SV-91885 | N30: V-77189 | O30: SV-91885 | P30: V-77189
A31: V-77191 | B31: 220879 | C31: V-220879 | D31: SV-220879r569187_rule | E31: Exploit Protection mitigations in Windows 10 must be configured for AcroRd32.exe. | F31: Exploit protection in Windows 10 provides a means of enabling additional mitigations against potential threats at the system and application level. Without these additional application protections, Windows 10 may be subject to various exploits. | G31: This is NA prior to v1709 of Windows 10. This is applicable to unclassified systems, for other systems this is NA. Run "Windows PowerShell" with elevated privileges (run as administrator). Enter "Get-ProcessMitigation -Name AcroRd32.exe". (Get-ProcessMitigation can be run without the -Name parameter to get a list of all application mitigations configured.) If the following mitigations do not have the listed status which is shown below, this is a finding: DEP: Override DEP: False ASLR: ForceRelocateImages: ON Payload: OverrideExportAddressFilter: False OverrideExportAddressFilterPlus: False OverrideImportAddressFilter: False OverrideEnableRopStackPivot= False OverrideEnableRopCallerCheck: False OverrideEnableRopSimExec: False The PowerShell command produces a list of mitigations; only those with a required status are listed here. If the PowerShell command does not produce results, ensure the letter case of the filename within the command syntax matches the letter case of the actual filename on the system. | H31: Ensure the following mitigations are configured as shown for AcroRd32.exe: DEP: Override DEP: False ASLR: ForceRelocateImages: ON Payload: OverrideExportAddressFilter: False OverrideExportAddressFilterPlus: False OverrideImportAddressFilter: False OverrideEnableRopStackPivot= False OverrideEnableRopCallerCheck: False OverrideEnableRopSimExec: False Application mitigations defined in the STIG are configured by a DoD EP XML file included with the Windows 10 STIG package in the "Supporting Files" folder. The XML file is applied with the group policy setting Computer Configuration >> Administrative Settings >> Windows Components >> Windows Defender Exploit Guard >> Exploit Protection >> "Use a common set of exploit protection settings" configured to "Enabled" with file name and location defined under "Options:". It is recommended the file be in a read-only network location. | I31: Windows 10 Security Technical Implementation Guide :: Version 2, Release: 2 Benchmark Date: 04 May 2021 | J31: Not Reviewed | L31: CM-6 b | M31: V-77191; SV-91887 | N31: V-77191 | O31: SV-91887 | P31: V-77191
A32: V-77195 | B32: 220880 | C32: V-220880 | D32: SV-220880r569187_rule | E32: Exploit Protection mitigations in Windows 10 must be configured for chrome.exe. | F32: Exploit protection in Windows 10 provides a means of enabling additional mitigations against potential threats at the system and application level. Without these additional application protections, Windows 10 may be subject to various exploits. | G32: This is NA prior to v1709 of Windows 10. This is applicable to unclassified systems, for other systems this is NA. Run "Windows PowerShell" with elevated privileges (run as administrator). Enter "Get-ProcessMitigation -Name chrome.exe". (Get-ProcessMitigation can be run without the -Name parameter to get a list of all application mitigations configured.) If the following mitigations do not have the listed status which is shown below, this is a finding: DEP: OverrideDEP: False The PowerShell command produces a list of mitigations; only those with a required status are listed here. If the PowerShell command does not produce results, ensure the letter case of the filename within the command syntax matches the letter case of the actual filename on the system. | H32: Ensure the following mitigations are configured as shown forchrome.exe: DEP: OverrideDEP: False Application mitigations defined in the STIG are configured by a DoD EP XML file included with the Windows 10 STIG package in the "Supporting Files" folder. The XML file is applied with the group policy setting Computer Configuration >> Administrative Settings >> Windows Components >> Windows Defender Exploit Guard >> Exploit Protection >> "Use a common set of exploit protection settings" configured to "Enabled" with file name and location defined under "Options:". It is recommended the file be in a read-only network location. | I32: Windows 10 Security Technical Implementation Guide :: Version 2, Release: 2 Benchmark Date: 04 May 2021 | J32: Not Reviewed | L32: CM-6 b | M32: V-77195; SV-91891 | N32: V-77195 | O32: SV-91891 | P32: V-77195
A33: V-77201 | B33: 220881 | C33: V-220881 | D33: SV-220881r569187_rule | E33: Exploit Protection mitigations in Windows 10 must be configured for EXCEL.EXE. | F33: Exploit protection in Windows 10 provides a means of enabling additional mitigations against potential threats at the system and application level. Without these additional application protections, Windows 10 may be subject to various exploits. | G33: This is NA prior to v1709 of Windows 10. This is applicable to unclassified systems, for other systems this is NA. Run "Windows PowerShell" with elevated privileges (run as administrator). Enter "Get-ProcessMitigation -Name EXCEL.EXE". (Get-ProcessMitigation can be run without the -Name parameter to get a list of all application mitigations configured.) If the following mitigations do not have the listed status which is shown below, this is a finding: DEP: Override DEP: False ASLR: ForceRelocateImages: ON Payload: OverrideExportAddressFilter: False OverrideExportAddressFilterPlus: False OverrideImportAddressFilter: False OverrideEnableRopStackPivot: False OverrideEnableRopCallerCheck: False OverrideEnableRopSimExec: False The PowerShell command produces a list of mitigations; only those with a required status are listed here. If the PowerShell command does not produce results, ensure the letter case of the filename within the command syntax matches the letter case of the actual filename on the system. | H33: Ensure the following mitigations are configured as shown for EXCEL.EXE: DEP: Override DEP: False ASLR: ForceRelocateImages: ON Payload: OverrideExportAddressFilter: False OverrideExportAddressFilterPlus: False OverrideImportAddressFilter: False OverrideEnableRopStackPivot: False OverrideEnableRopCallerCheck: False OverrideEnableRopSimExec: False Application mitigations defined in the STIG are configured by a DoD EP XML file included with the Windows 10 STIG package in the "Supporting Files" folder. The XML file is applied with the group policy setting Computer Configuration >> Administrative Settings >> Windows Components >> Windows Defender Exploit Guard >> Exploit Protection >> "Use a common set of exploit protection settings" configured to "Enabled" with file name and location defined under "Options:". It is recommended the file be in a read-only network location. | I33: Windows 10 Security Technical Implementation Guide :: Version 2, Release: 2 Benchmark Date: 04 May 2021 | J33: Not Reviewed | L33: CM-6 b | M33: V-77201; SV-91897 | N33: V-77201 | O33: SV-91897 | P33: V-77201
A34: V-77205 | B34: 220882 | C34: V-220882 | D34: SV-220882r569187_rule | E34: Exploit Protection mitigations in Windows 10 must be configured for firefox.exe. | F34: Exploit protection in Windows 10 provides a means of enabling additional mitigations against potential threats at the system and application level. Without these additional application protections, Windows 10 may be subject to various exploits. | G34: This is NA prior to v1709 of Windows 10. This is applicable to unclassified systems, for other systems this is NA. Run "Windows PowerShell" with elevated privileges (run as administrator). Enter "Get-ProcessMitigation -Name firefox.exe". (Get-ProcessMitigation can be run without the -Name parameter to get a list of all application mitigations configured.) If the following mitigations do not have the listed status which is shown below, this is a finding: DEP: Override DEP: False ASLR: ForceRelocateImages: On The PowerShell command produces a list of mitigations; only those with a required status are listed here. If the PowerShell command does not produce results, ensure the letter case of the filename within the command syntax matches the letter case of the actual filename on the system. | H34: Ensure the following mitigations are configured as shown firefox.exe: DEP: Override DEP: False ASLR: ForceRelocateImages: On Application mitigations defined in the STIG are configured by a DoD EP XML file included with the Windows 10 STIG package in the "Supporting Files" folder. The XML file is applied with the group policy setting Computer Configuration >> Administrative Settings >> Windows Components >> Windows Defender Exploit Guard >> Exploit Protection >> "Use a common set of exploit protection settings" configured to "Enabled" with file name and location defined under "Options:". It is recommended the file be in a read-only network location. | I34: Windows 10 Security Technical Implementation Guide :: Version 2, Release: 2 Benchmark Date: 04 May 2021 | J34: Not Reviewed | L34: CM-6 b | M34: V-77205; SV-91901 | N34: V-77205 | O34: SV-91901 | P34: V-77205
A35: V-77209 | B35: 220883 | C35: V-220883 | D35: SV-220883r569187_rule | E35: Exploit Protection mitigations in Windows 10 must be configured for FLTLDR.EXE. | F35: Exploit protection in Windows 10 provides a means of enabling additional mitigations against potential threats at the system and application level. Without these additional application protections, Windows 10 may be subject to various exploits. | G35: This is NA prior to v1709 of Windows 10. This is applicable to unclassified systems, for other systems this is NA. Run "Windows PowerShell" with elevated privileges (run as administrator). Enter "Get-ProcessMitigation -Name FLTLDR.EXE". (Get-ProcessMitigation can be run without the -Name parameter to get a list of all application mitigations configured.) If the following mitigations do not have the listed status which is shown below, this is a finding: DEP: Override DEP: False ImageLoad: OverrideBlockRemoteImages: False Payload: OverrideExportAddressFilter: False OverrideExportAddressFilterPlus: False OverrideImportAddressFilter: False OverrideEnableRopStackPivot: False OverrideEnableRopCallerCheck: False OverrideEnableRopSimExec: False Child Process: OverrideChildProcess: False The PowerShell command produces a list of mitigations; only those with a required status are listed here. If the PowerShell command does not produce results, ensure the letter case of the filename within the command syntax matches the letter case of the actual filename on the system. | H35: Ensure the following mitigations are configured as shown for FLTLDR.EXE: DEP: Override DEP: False ImageLoad: OverrideBlockRemoteImages: False Payload: OverrideExportAddressFilter: False OverrideExportAddressFilterPlus: False OverrideImportAddressFilter: False OverrideEnableRopStackPivot: False OverrideEnableRopCallerCheck: False OverrideEnableRopSimExec: False Child Process: OverrideChildProcess: False Application mitigations defined in the STIG are configured by a DoD EP XML file included with the Windows 10 STIG package in the "Supporting Files" folder. The XML file is applied with the group policy setting Computer Configuration >> Administrative Settings >> Windows Components >> Windows Defender Exploit Guard >> Exploit Protection >> "Use a common set of exploit protection settings" configured to "Enabled" with file name and location defined under "Options:". It is recommended the file be in a read-only network location. | I35: Windows 10 Security Technical Implementation Guide :: Version 2, Release: 2 Benchmark Date: 04 May 2021 | J35: Not Reviewed | L35: CM-6 b | M35: V-77209; SV-91905 | N35: V-77209 | O35: SV-91905 | P35: V-77209
A36: V-77213 | B36: 220884 | C36: V-220884 | D36: SV-220884r569187_rule | E36: Exploit Protection mitigations in Windows 10 must be configured for GROOVE.EXE. | F36: Exploit protection in Windows 10 provides a means of enabling additional mitigations against potential threats at the system and application level. Without these additional application protections, Windows 10 may be subject to various exploits. | G36: This is NA prior to v1709 of Windows 10. This is applicable to unclassified systems, for other systems this is NA. Run "Windows PowerShell" with elevated privileges (run as administrator). Enter "Get-ProcessMitigation -Name GROOVE.EXE". (Get-ProcessMitigation can be run without the -Name parameter to get a list of all application mitigations configured.) If the following mitigations do not have the listed status which is shown below, this is a finding: DEP: OverrideDEP: False ASLR: ForceRelocateImages: On ImageLoad: OverrideBlockRemoteImages: False Payload: OverrideExportAddressFilter: False OverrideExportAddressFilterPlus: False OverrideImportAddressFilter: False OverrideEnableRopStackPivot: False OverrideEnableRopCallerCheck: False OverrideEnableRopSimExec: False Child Process: OverrideChildProcess: False The PowerShell command produces a list of mitigations; only those with a required status are listed here. If the PowerShell command does not produce results, ensure the letter case of the filename within the command syntax matches the letter case of the actual filename on the system. | H36: Ensure the following mitigations are configured as shown GROOVE.EXE: DEP: OverrideDEP: False ASLR: OverrideBlockRemoteImages: False ImageLoad: ForceRelocateImages: True Payload: OverrideExportAddressFilter: False OverrideExportAddressFilterPlus: False OverrideImportAddressFilter: False OverrideEnableRopStackPivot: False OverrideEnableRopCallerCheck: False OverrideEnableRopSimExec: False Child Process: OverrideChildProcess: False Application mitigations defined in the STIG are configured by a DoD EP XML file included with the Windows 10 STIG package in the "Supporting Files" folder. The XML file is applied with the group policy setting Computer Configuration >> Administrative Settings >> Windows Components >> Windows Defender Exploit Guard >> Exploit Protection >> "Use a common set of exploit protection settings" configured to "Enabled" with file name and location defined under "Options:". It is recommended the file be in a read-only network location. | I36: Windows 10 Security Technical Implementation Guide :: Version 2, Release: 2 Benchmark Date: 04 May 2021 | J36: Not Reviewed | L36: CM-6 b | M36: V-77213; SV-91909 | N36: V-77213 | O36: SV-91909 | P36: V-77213
... A41: V-77231 | B41: 220889 | C41: V-220889 | D41: SV-220889r569187_rule | E41: Exploit Protection mitigations in Windows 10 must be configured for MSACCESS.EXE. | F41: Exploit protection in Windows 10 provides a means of enabling additional mitigations against potential threats at the system and application level. Without these additional application protections, Windows 10 may be subject to various exploits. | G41: This is NA prior to v1709 of Windows 10. This is applicable to unclassified systems, for other systems this is NA. Run "Windows PowerShell" with elevated privileges (run as administrator). Enter "Get-ProcessMitigation -Name MSACCESS.EXE". (Get-ProcessMitigation can be run without the -Name parameter to get a list of all application mitigations configured.) If the following mitigations do not have the listed status which is shown below, this is a finding: DEP: Override DEP: False ASLR: ForceRelocateImages: ON Payload: OverrideExportAddressFilter: False OverrideExportAddressFilterPlus: False OverrideImportAddressFilter: False OverrideEnableRopStackPivot: False OverrideEnableRopCallerCheck: False OverrideEnableRopSimExec: False The PowerShell command produces a list of mitigations; only those with a required status of are listed here. If the PowerShell command does not produce results, ensure the letter case of the filename within the command syntax matches the letter case of the actual filename on the system. | H41: Ensure the following mitigations are configured as shown for MSACCESS.EXE: DEP: Override DEP: False ASLR: ForceRelocateImages: ON Payload: OverrideExportAddressFilter: False OverrideExportAddressFilterPlus: False OverrideImportAddressFilter: False OverrideEnableRopStackPivot: False OverrideEnableRopCallerCheck: False OverrideEnableRopSimExec: False Application mitigations defined in the STIG are configured by a DoD EP XML file included with the Windows 10 STIG package in the "Supporting Files" folder. The XML file is applied with the group policy setting Computer Configuration >> Administrative Settings >> Windows Components >> Windows Defender Exploit Guard >> Exploit Protection >> "Use a common set of exploit protection settings" configured to "Enabled" with file name and location defined under "Options:". It is recommended the file be in a read-only network location. | I41: Windows 10 Security Technical Implementation Guide :: Version 2, Release: 2 Benchmark Date: 04 May 2021 | J41: Not Reviewed | L41: CM-6 b | M41: V-77231; SV-91927 | N41: V-77231 | O41: SV-91927 | P41: V-77231
A42: V-77233 | B42: 220890 | C42: V-220890 | D42: SV-220890r569187_rule | E42: Exploit Protection mitigations in Windows 10 must be configured for MSPUB.EXE. | F42: Exploit protection in Windows 10 provides a means of enabling additional mitigations against potential threats at the system and application level. Without these additional application protections, Windows 10 may be subject to various exploits. | G42: This is NA prior to v1709 of Windows 10. This is applicable to unclassified systems, for other systems this is NA. Run "Windows PowerShell" with elevated privileges (run as administrator). Enter "Get-ProcessMitigation -Name MSPUB.EXE". (Get-ProcessMitigation can be run without the -Name parameter to get a list of all application mitigations configured.) If the following mitigations do not have the listed status which is shown below, this is a finding: DEP: Override DEP: False ASLR: ForceRelocateImages: ON Payload: OverrideExportAddressFilter: False OverrideExportAddressFilterPlus: False OverrideImportAddressFilter: False OverrideEnableRopStackPivot: False OverrideEnableRopCallerCheck: False OverrideEnableRopSimExec: False The PowerShell command produces a list of mitigations; only those with a required status are listed here. If the PowerShell command does not produce results, ensure the letter case of the filename within the command syntax matches the letter case of the actual filename on the system. | H42: Ensure the following mitigations are configured as shown for MSPUB.EXE: DEP: Override DEP: False ASLR: ForceRelocateImages: ON Payload: OverrideExportAddressFilter: False OverrideExportAddressFilterPlus: False OverrideImportAddressFilter: False OverrideEnableRopStackPivot: False OverrideEnableRopCallerCheck: False OverrideEnableRopSimExec: False Application mitigations defined in the STIG are configured by a DoD EP XML file included with the Windows 10 STIG package in the "Supporting Files" folder. The XML file is applied with the group policy setting Computer Configuration >> Administrative Settings >> Windows Components >> Windows Defender Exploit Guard >> Exploit Protection >> "Use a common set of exploit protection settings" configured to "Enabled" with file name and location defined under "Options:". It is recommended the file be in a read-only network location. | I42: Windows 10 Security Technical Implementation Guide :: Version 2, Release: 2 Benchmark Date: 04 May 2021 | J42: Not Reviewed | L42: CM-6 b | M42: V-77233; SV-91929 | N42: V-77233 | O42: SV-91929 | P42: V-77233
A43: V-77239 | B43: 220891 | C43: V-220891 | D43: SV-220891r569308_rule | E43: Exploit Protection mitigations in Windows 10 must be configured for OIS.EXE. | F43: Exploit protection in Windows 10 provides a means of enabling additional mitigations against potential threats at the system and application level. Without these additional application protections, Windows 10 may be subject to various exploits. | G43: This is NA prior to v1709 of Windows 10. This is applicable to unclassified systems, for other systems this is NA. Run "Windows PowerShell" with elevated privileges (run as administrator). Enter "Get-ProcessMitigation -Name OIS.EXE". (Get-ProcessMitigation can be run without the -Name parameter to get a list of all application mitigations configured.) If the following mitigations do not have the listed status which is shown below, this is a finding: DEP: OverrideDEP: False Payload: OverrideExportAddressFilter: False OverrideExportAddressFilterPlus: False OverrideImportAddressFilter: False OverrideEnableRopStackPivot: False OverrideEnableRopCallerCheck: False OverrideEnableRopSimExec: False The PowerShell command produces a list of mitigations; only those with a required status are listed here. If the PowerShell command does not produce results, ensure the letter case of the filename within the command syntax matches the letter case of the actual filename on the system. | H43: Ensure the following mitigations are configured as shown for OIS.EXE: DEP: Override DEP: False Payload: OverrideExportAddressFilter: False OverrideExportAddressFilterPlus: False OverrideImportAddressFilter: False OverrideEnableRopStackPivot: False OverrideEnableRopCallerCheck: False OverrideEnableRopSimExec: False Application mitigations defined in the STIG are configured by a DoD EP XML file included with the Windows 10 STIG package in the "Supporting Files" folder. The XML file is applied with the group policy setting Computer Configuration >> Administrative Settings >> Windows Components >> Windows Defender Exploit Guard >> Exploit Protection >> "Use a common set of exploit protection settings" configured to "Enabled" with file name and location defined under "Options:". It is recommended the file be in a read-only network location. | I43: Windows 10 Security Technical Implementation Guide :: Version 2, Release: 2 Benchmark Date: 04 May 2021 | J43: Not Reviewed | L43: CM-6 b | M43: V-77239; SV-91935 | N43: V-77239 | O43: SV-91935 | P43: V-77239
A44: V-77243 | B44: 220893 | C44: V-220893 | D44: SV-220893r569187_rule | E44: Exploit Protection mitigations in Windows 10 must be configured for OUTLOOK.EXE. | F44: Exploit protection in Windows 10 provides a means of enabling additional mitigations against potential threats at the system and application level. Without these additional application protections, Windows 10 may be subject to various exploits. | G44: This is NA prior to v1709 of Windows 10. This is applicable to unclassified systems, for other systems this is NA. Run "Windows PowerShell" with elevated privileges (run as administrator). Enter "Get-ProcessMitigation -Name OUTLOOK.EXE". (Get-ProcessMitigation can be run without the -Name parameter to get a list of all application mitigations configured.) If the following mitigations do not have the listed status which is shown below, this is a finding: DEP: Override DEP: False ASLR: ForceRelocateImages: ON Payload: OverrideExportAddressFilter: False OverrideExportAddressFilterPlus: False OverrideImportAddressFilter: False OverrideEnableRopStackPivot: False OverrideEnableRopCallerCheck: False OverrideEnableRopSimExec: False The PowerShell command produces a list of mitigations; only those with a required status are listed here. If the PowerShell command does not produce results, ensure the letter case of the filename within the command syntax matches the letter case of the actual filename on the system. | H44: Ensure the following mitigations are configured as shown for OUTLOOK.EXE: DEP: Override DEP: False ASLR: ForceRelocateImages: ON Payload: OverrideExportAddressFilter: False OverrideExportAddressFilterPlus: False OverrideImportAddressFilter: False OverrideEnableRopStackPivot: False OverrideEnableRopCallerCheck: False OverrideEnableRopSimExec: False Application mitigations defined in the STIG are configured by a DoD EP XML file included with the Windows 10 STIG package in the "Supporting Files" folder. The XML file is applied with the group policy setting Computer Configuration >> Administrative Settings >> Windows Components >> Windows Defender Exploit Guard >> Exploit Protection >> "Use a common set of exploit protection settings" configured to "Enabled" with file name and location defined under "Options:". It is recommended the file be in a read-only network location. | I44: Windows 10 Security Technical Implementation Guide :: Version 2, Release: 2 Benchmark Date: 04 May 2021 | J44: Not Reviewed | L44: CM-6 b | M44: V-77243; SV-91939 | N44: V-77243 | O44: SV-91939 | P44: V-77243
A45: V-77245 | B45: 220894 | C45: V-220894 | D45: SV-220894r569187_rule | E45: Exploit Protection mitigations in Windows 10 must be configured for plugin-container.exe. | F45: Exploit protection in Windows 10 provides a means of enabling additional mitigations against potential threats at the system and application level. Without these additional application protections, Windows 10 may be subject to various exploits. | G45: This is NA prior to v1709 of Windows 10. This is applicable to unclassified systems, for other systems this is NA. Run "Windows PowerShell" with elevated privileges (run as administrator). Enter "Get-ProcessMitigation -Name plugin-container.exe". (Get-ProcessMitigation can be run without the -Name parameter to get a list of all application mitigations configured.) If the following mitigations do not have the listed status shown below, this is a finding: DEP: Override DEP: False Payload: OverrideExportAddressFilter: False OverrideExportAddressFilterPlus: False OverrideImportAddressFilter: False OverrideEnableRopStackPivot: False OverrideEnableRopCallerCheck: False OverrideEnableRopSimExec: False The PowerShell command produces a list of mitigations; only those with a required status of "ON" are listed here. If the PowerShell command does not produce results, ensure the letter case of the filename within the command syntax matches the letter case of the actual filename on the system. | H45: Ensure the following mitigations are configured as shown forplugin-container.exe: DEP: Override DEP: False Payload: OverrideExportAddressFilter: False OverrideExportAddressFilterPlus: False OverrideImportAddressFilter: False OverrideEnableRopStackPivot: False OverrideEnableRopCallerCheck: False OverrideEnableRopSimExec: False Application mitigations defined in the STIG are configured by a DoD EP XML file included with the Windows 10 STIG package in the "Supporting Files" folder. The XML file is applied with the group policy setting Computer Configuration >> Administrative Settings >> Windows Components >> Windows Defender Exploit Guard >> Exploit Protection >> "Use a common set of exploit protection settings" configured to "Enabled" with file name and location defined under "Options:". It is recommended the file be in a read-only network location. | I45: Windows 10 Security Technical Implementation Guide :: Version 2, Release: 2 Benchmark Date: 04 May 2021 | J45: Not Reviewed | L45: CM-6 b | M45: V-77245; SV-91941 | N45: V-77245 | O45: SV-91941 | P45: V-77245
A46: V-77247 | B46: 220895 | C46: V-220895 | D46: SV-220895r569187_rule | E46: Exploit Protection mitigations in Windows 10 must be configured for POWERPNT.EXE. | F46: Exploit protection in Windows 10 provides a means of enabling additional mitigations against potential threats at the system and application level. Without these additional application protections, Windows 10 may be subject to various exploits. | G46: This is NA prior to v1709 of Windows 10. This is applicable to unclassified systems, for other systems this is NA. Run "Windows PowerShell" with elevated privileges (run as administrator). Enter "Get-ProcessMitigation -Name POWERPNT.EXE". (Get-ProcessMitigation can be run without the -Name parameter to get a list of all application mitigations configured.) If the following mitigations do not have the listed status which is shown below, this is a finding: DEP: Override DEP: False ASLR: ForceRelocateImages: ON Payload: OverrideExportAddressFilter: False OverrideExportAddressFilterPlus: False OverrideImportAddressFilter: False OverrideEnableRopStackPivot: False OverrideEnableRopCallerCheck: False OverrideEnableRopSimExec: False The PowerShell command produces a list of mitigations; only those with a required status are listed here. If the PowerShell command does not produce results, ensure the letter case of the filename within the command syntax matches the letter case of the actual filename on the system. | H46: Ensure the following mitigations are configured as shown for POWERPNT.EXE: DEP: Override DEP: False ASLR: ForceRelocateImages: ON Payload: OverrideExportAddressFilter: False OverrideExportAddressFilterPlus: False OverrideImportAddressFilter: False OverrideEnableRopStackPivot: False OverrideEnableRopCallerCheck: False OverrideEnableRopSimExec: False Application mitigations defined in the STIG are configured by a DoD EP XML file included with the Windows 10 STIG package in the "Supporting Files" folder. The XML file is applied with the group policy setting Computer Configuration >> Administrative Settings >> Windows Components >> Windows Defender Exploit Guard >> Exploit Protection >> "Use a common set of exploit protection settings" configured to "Enabled" with file name and location defined under "Options:". It is recommended the file be in a read-only network location. | I46: Windows 10 Security Technical Implementation Guide :: Version 2, Release: 2 Benchmark Date: 04 May 2021 | J46: Not Reviewed | L46: CM-6 b | M46: V-77247; SV-91943 | N46: V-77247 | O46: SV-91943 | P46: V-77247
A47: V-77249 | B47: 220896 | C47: V-220896 | D47: SV-220896r569187_rule | E47: Exploit Protection mitigations in Windows 10 must be configured for PPTVIEW.EXE. | F47: Exploit protection in Windows 10 provides a means of enabling additional mitigations against potential threats at the system and application level. Without these additional application protections, Windows 10 may be subject to various exploits. | G47: This is NA prior to v1709 of Windows 10. This is applicable to unclassified systems, for other systems this is NA. Run "Windows PowerShell" with elevated privileges (run as administrator). Enter "Get-ProcessMitigation -Name PPTVIEW.EXE". (Get-ProcessMitigation can be run without the -Name parameter to get a list of all application mitigations configured.) If the following mitigations do not have the listed status which is shown below, this is a finding: DEP: Override DEP: False ASLR: ForceRelocateImages: ON Payload: OverrideExportAddressFilter: False OverrideExportAddressFilterPlus: False OverrideImportAddressFilter: False OverrideEnableRopStackPivot: False OverrideEnableRopCallerCheck: False OverrideEnableRopSimExec: False The PowerShell command produces a list of mitigations; only those with a required status are listed here. If the PowerShell command does not produce results, ensure the letter case of the filename within the command syntax matches the letter case of the actual filename on the system. | H47: Ensure the following mitigations are configured as shown for PPTVIEW.EXE: DEP: Override DEP: False ASLR: ForceRelocateImages: ON Payload: OverrideExportAddressFilter: False OverrideExportAddressFilterPlus: False OverrideImportAddressFilter: False OverrideEnableRopStackPivot: False OverrideEnableRopCallerCheck: False OverrideEnableRopSimExec: False Application mitigations defined in the STIG are configured by a DoD EP XML file included with the Windows 10 STIG package in the "Supporting Files" folder. The XML file is applied with the group policy setting Computer Configuration >> Administrative Settings >> Windows Components >> Windows Defender Exploit Guard >> Exploit Protection >> "Use a common set of exploit protection settings" configured to "Enabled" with file name and location defined under "Options:". It is recommended the file be in a read-only network location. | I47: Windows 10 Security Technical Implementation Guide :: Version 2, Release: 2 Benchmark Date: 04 May 2021 | J47: Not Reviewed | L47: CM-6 b | M47: V-77249; SV-91945 | N47: V-77249 | O47: SV-91945 | P47: V-77249
A48: V-77255 | B48: 220897 | C48: V-220897 | D48: SV-220897r569187_rule | E48: Exploit Protection mitigations in Windows 10 must be configured for VISIO.EXE. | F48: Exploit protection in Windows 10 provides a means of enabling additional mitigations against potential threats at the system and application level. Without these additional application protections, Windows 10 may be subject to various exploits. | G48: This is NA prior to v1709 of Windows 10. This is applicable to unclassified systems, for other systems this is NA. Run "Windows PowerShell" with elevated privileges (run as administrator). Enter "Get-ProcessMitigation -Name VISIO.EXE". (Get-ProcessMitigation can be run without the -Name parameter to get a list of all application mitigations configured.) If the following mitigations do not have the listed status which is shown below, this is a finding: DEP: Override DEP: False ASLR: ForceRelocateImages: ON Payload: OverrideExportAddressFilter: False OverrideExportAddressFilterPlus: False OverrideImportAddressFilter: False OverrideEnableRopStackPivot: False OverrideEnableRopCallerCheck: False OverrideEnableRopSimExec: False The PowerShell command produces a list of mitigations; only those with a required status are listed here. If the PowerShell command does not produce results, ensure the letter case of the filename within the command syntax matches the letter case of the actual filename on the system. | H48: Ensure the following mitigations are configured as shown for VISIO.EXE: DEP: Override DEP: False ASLR: ForceRelocateImages: ON Payload: OverrideExportAddressFilter: False OverrideExportAddressFilterPlus: False OverrideImportAddressFilter: False OverrideEnableRopStackPivot: False OverrideEnableRopCallerCheck: False OverrideEnableRopSimExec: False Application mitigations defined in the STIG are configured by a DoD EP XML file included with the Windows 10 STIG package in the "Supporting Files" folder. The XML file is applied with the group policy setting Computer Configuration >> Administrative Settings >> Windows Components >> Windows Defender Exploit Guard >> Exploit Protection >> "Use a common set of exploit protection settings" configured to "Enabled" with file name and location defined under "Options:". It is recommended the file be in a read-only network location. | I48: Windows 10 Security Technical Implementation Guide :: Version 2, Release: 2 Benchmark Date: 04 May 2021 | J48: Not Reviewed | L48: CM-6 b | M48: V-77255; SV-91951 | N48: V-77255 | O48: SV-91951 | P48: V-77255
A49: V-77259 | B49: 220898 | C49: V-220898 | D49: SV-220898r569187_rule | E49: Exploit Protection mitigations in Windows 10 must be configured for VPREVIEW.EXE. | F49: Exploit protection in Windows 10 provides a means of enabling additional mitigations against potential threats at the system and application level. Without these additional application protections, Windows 10 may be subject to various exploits. | G49: This is NA prior to v1709 of Windows 10. This is applicable to unclassified systems, for other systems this is NA. Run "Windows PowerShell" with elevated privileges (run as administrator). Enter "Get-ProcessMitigation -Name VPREVIEW.EXE". (Get-ProcessMitigation can be run without the -Name parameter to get a list of all application mitigations configured.) If the following mitigations do not have the listed status which is shown below, this is a finding: DEP: Override DEP: False ASLR: ForceRelocateImages: ON Payload: OverrideExportAddressFilter: False OverrideExportAddressFilterPlus: False OverrideImportAddressFilter: False OverrideEnableRopStackPivot: False OverrideEnableRopCallerCheck: False OverrideEnableRopSimExec: False The PowerShell command produces a list of mitigations; only those with a required status are listed here. If the PowerShell command does not produce results, ensure the letter case of the filename within the command syntax matches the letter case of the actual filename on the system. | H49: Ensure the following mitigations are configured as shown for VPREVIEW.EXE: DEP: Override DEP: False ASLR: ForceRelocateImages: ON Payload: OverrideExportAddressFilter: False OverrideExportAddressFilterPlus: False OverrideImportAddressFilter: False OverrideEnableRopStackPivot: False OverrideEnableRopCallerCheck: False OverrideEnableRopSimExec: False Application mitigations defined in the STIG are configured by a DoD EP XML file included with the Windows 10 STIG package in the "Supporting Files" folder. The XML file is applied with the group policy setting Computer Configuration >> Administrative Settings >> Windows Components >> Windows Defender Exploit Guard >> Exploit Protection >> "Use a common set of exploit protection settings" configured to "Enabled" with file name and location defined under "Options:". It is recommended the file be in a read-only network location. | I49: Windows 10 Security Technical Implementation Guide :: Version 2, Release: 2 Benchmark Date: 04 May 2021 | J49: Not Reviewed | L49: CM-6 b | M49: V-77259; SV-91955 | N49: V-77259 | O49: SV-91955 | P49: V-77259
A50: V-77263 | B50: 220899 | C50: V-220899 | D50: SV-220899r569187_rule | E50: Exploit Protection mitigations in Windows 10 must be configured for WINWORD.EXE. | F50: Exploit protection in Windows 10 provides a means of enabling additional mitigations against potential threats at the system and application level. Without these additional application protections, Windows 10 may be subject to various exploits. | G50: This is NA prior to v1709 of Windows 10. This is applicable to unclassified systems, for other systems this is NA. Run "Windows PowerShell" with elevated privileges (run as administrator). Enter "Get-ProcessMitigation -Name WINWORD.EXE". (Get-ProcessMitigation can be run without the -Name parameter to get a list of all application mitigations configured.) If the following mitigations do not have the listed status which is shown below, this is a finding: DEP: Override DEP: False ASLR: ForceRelocateImages: ON Payload: OverrideExportAddressFilter: False OverrideExportAddressFilterPlus: False OverrideImportAddressFilter: False OverrideEnableRopStackPivot: False OverrideEnableRopCallerCheck: False OverrideEnableRopSimExec: False The PowerShell command produces a list of mitigations; only those with a required status of are listed here. If the PowerShell command does not produce results, ensure the letter case of the filename within the command syntax matches the letter case of the actual filename on the system. | H50: Ensure the following mitigations are configured as shown for WINWORD.EXE: DEP: Override DEP: False ASLR: ForceRelocateImages: ON Payload: OverrideExportAddressFilter: False OverrideExportAddressFilterPlus: False OverrideImportAddressFilter: False OverrideEnableRopStackPivot: False OverrideEnableRopCallerCheck: False OverrideEnableRopSimExec: False Application mitigations defined in the STIG are configured by a DoD EP XML file included with the Windows 10 STIG package in the "Supporting Files" folder. The XML file is applied with the group policy setting Computer Configuration >> Administrative Settings >> Windows Components >> Windows Defender Exploit Guard >> Exploit Protection >> "Use a common set of exploit protection settings" configured to "Enabled" with file name and location defined under "Options:". It is recommended the file be in a read-only network location. | I50: Windows 10 Security Technical Implementation Guide :: Version 2, Release: 2 Benchmark Date: 04 May 2021 | J50: Not Reviewed | L50: CM-6 b | M50: V-77263; SV-91959 | N50: V-77263 | O50: SV-91959 | P50: V-77263
A51: V-77267 | B51: 220900 | C51: V-220900 | D51: SV-220900r569187_rule | E51: Exploit Protection mitigations in Windows 10 must be configured for wmplayer.exe. | F51: Exploit protection in Windows 10 provides a means of enabling additional mitigations against potential threats at the system and application level. Without these additional application protections, Windows 10 may be subject to various exploits. | G51: This is NA prior to v1709 of Windows 10. This is applicable to unclassified systems, for other systems this is NA. Run "Windows PowerShell" with elevated privileges (run as administrator). Enter "Get-ProcessMitigation -Name wmplayer.exe". (Get-ProcessMitigation can be run without the -Name parameter to get a list of all application mitigations configured.) If the following mitigations do not have the listed status which is shown below, this is a finding: DEP: Override DEP: False Payload: OverrideExportAddressFilter: False OverrideExportAddressFilterPlus: False OverrideImportAddressFilter: False OverrideEnableRopStackPivot: False OverrideEnableRopCallerCheck: False OverrideEnableRopSimExec: False The PowerShell command produces a list of mitigations; only those with a required status are listed here. If the PowerShell command does not produce results, ensure the letter case of the filename within the command syntax matches the letter case of the actual filename on the system. | H51: Ensure the following mitigations are configured as shown for wmplayer.exe: DEP: Override DEP: False Payload: OverrideExportAddressFilter: False OverrideExportAddressFilterPlus: False OverrideImportAddressFilter: False OverrideEnableRopStackPivot: False OverrideEnableRopCallerCheck: False OverrideEnableRopSimExec: False Application mitigations defined in the STIG are configured by a DoD EP XML file included with the Windows 10 STIG package in the "Supporting Files" folder. The XML file is applied with the group policy setting Computer Configuration >> Administrative Settings >> Windows Components >> Windows Defender Exploit Guard >> Exploit Protection >> "Use a common set of exploit protection settings" configured to "Enabled" with file name and location defined under "Options:". It is recommended the file be in a read-only network location. | I51: Windows 10 Security Technical Implementation Guide :: Version 2, Release: 2 Benchmark Date: 04 May 2021 | J51: Not Reviewed | L51: CM-6 b | M51: V-77267; SV-91963 | N51: V-77267 | O51: SV-91963 | P51: V-77267
A52: V-77269 | B52: 220901 | C52: V-220901 | D52: SV-220901r569187_rule | E52: Exploit Protection mitigations in Windows 10 must be configured for wordpad.exe. | F52: Exploit protection in Windows 10 provides a means of enabling additional mitigations against potential threats at the system and application level. Without these additional application protections, Windows 10 may be subject to various exploits. | G52: This is NA prior to v1709 of Windows 10. This is applicable to unclassified systems, for other systems this is NA. Run "Windows PowerShell" with elevated privileges (run as administrator). Enter "Get-ProcessMitigation -Name wordpad.exe". (Get-ProcessMitigation can be run without the -Name parameter to get a list of all application mitigations configured.) If the following mitigations do not have the listed status which is shown below, this is a finding: DEP: Override DEP: False Payload: OverrideExportAddressFilter: False OverrideExportAddressFilterPlus: False OverrideImportAddressFilter: False OverrideEnableRopStackPivot: False OverrideEnableRopCallerCheck: False OverrideEnableRopSimExec: False The PowerShell command produces a list of mitigations; only those with a required status are listed here. If the PowerShell command does not produce results, ensure the letter case of the filename within the command syntax matches the letter case of the actual filename on the system. | H52: Ensure the following mitigations are configured as shown for wordpad.exe: DEP: Override DEP: False Payload: OverrideExportAddressFilter: False OverrideExportAddressFilterPlus: False OverrideImportAddressFilter: False OverrideEnableRopStackPivot: False OverrideEnableRopCallerCheck: False OverrideEnableRopSimExec: False Application mitigations defined in the STIG are configured by a DoD EP XML file included with the Windows 10 STIG package in the "Supporting Files" folder. The XML file is applied with the group policy setting Computer Configuration >> Administrative Settings >> Windows Components >> Windows Defender Exploit Guard >> Exploit Protection >> "Use a common set of exploit protection settings" configured to "Enabled" with file name and location defined under "Options:". It is recommended the file be in a read-only network location. | I52: Windows 10 Security Technical Implementation Guide :: Version 2, Release: 2 Benchmark Date: 04 May 2021 | J52: Not Reviewed | L52: CM-6 b | M52: V-77269; SV-91965 | N52: V-77269 | O52: SV-91965 | P52: V-77269
A53: V-94861 | B53: 220704 | C53: V-220704 | D53: SV-220704r569290_rule | E53: Windows 10 systems must use a BitLocker PIN with a minimum length of 6 digits for pre-boot authentication. | F53: If data at rest is unencrypted, it is vulnerable to disclosure. Even if the operating system enforces permissions on data access, an adversary can remove non-volatile memory and read it directly, thereby circumventing operating system controls. Encrypting the data ensures that confidentiality is protected even when the operating system is not running. Pre-boot authentication prevents unauthorized users from accessing encrypted drives. Increasing the pin length requires a greater number of guesses for an attacker. | G53: If the following registry value does not exist or is not configured as specified, this is a finding. For virtual desktop implementations (VDIs) in which the virtual desktop instance is deleted or refreshed upon logoff, this is NA. For WVD implementations with no data at rest, this is NA. Registry Hive: HKEY_LOCAL_MACHINE Registry Path: \SOFTWARE\Policies\Microsoft\FVE\ Value Name: MinimumPIN Type: REG_DWORD Value: 0x00000006 (6) or greater | H53: Configure the policy value for Computer Configuration >> Administrative Templates >> Windows Components >> BitLocker Drive Encryption >> Operating System Drives "Configure minimum PIN length for startup" to "Enabled" with "Minimum characters:" set to "6" or greater. | I53: Windows 10 Security Technical Implementation Guide :: Version 2, Release: 2 Benchmark Date: 04 May 2021 | J53: Not Reviewed | L53: SC-28;SC-28 (1) | M53: V-94861; SV-104691 | N53: V-94861 | O53: SV-104691 | P53: V-94861
A54: V-99563 | B54: 220872 | C54: V-220872 | D54: SV-220872r569187_rule | E54: Windows 10 should be configured to prevent users from receiving suggestions for third-party or additional applications. | F54: Windows spotlight features may suggest apps and content from third-party software publishers in addition to Microsoft apps and content. | G54: If the following registry value does not exist or is not configured as specified, this is a finding. If the following registry value does not exist or is not configured as specified, this is a finding: Registry Hive: HKEY_CURRENT_USER Registry Path: \SOFTWARE\Policies\Microsoft\Windows\CloudContent\ Value Name: DisableThirdPartySuggestions Type: REG_DWORD Value: 0x00000001 (1) | H54: Configure the policy value for User Configuration >> Administrative Templates >> Windows Components >> Cloud Content >> "Do not suggest third-party content in Windows spotlight" to "Enabled | I54: Windows 10 Security Technical Implementation Guide :: Version 2, Release: 2 Benchmark Date: 04 May 2021 | J54: Not Reviewed | L54: CM-7 a | M54: V-99563; SV-108667 | N54: V-99563 | O54: SV-108667 | P54: V-99563

Sheet vuln id update
A1: Legacy | B1: Vuln ID | C1: TechnologyArea | D1: Name | E1: IPAddress | F1: MACAddress | G1: Vuln ID | H1: Severity | I1: Group Title | J1: Rule ID | K1: STIG ID | L1: Rule Title | M1: Discussion | N1: IA Controls | O1: Check Content | P1: Fix Text | Q1: False Positives | R1: False Negatives | S1: Documentable | T1: Mitigations | U1: Potential Impact | V1: Third Party Tools | W1: Mitigation Control | X1: Responsibility | Y1: Severity Override Guidance | Z1: Check Content Reference | AA1: Classification | AB1: STIG | AC1: Status | AD1: Comments | AE1: Finding Details | AF1: Severity Override | AG1: Severity Override Justification | AH1: CCI | AI1: Fully Qualified Domain Name | AJ1: NIST SP 800-53 Revision 4 References | AK1: Legacy | AL1: Legacy | AM1: Legacy | AN1: vl
A2: V-63319 | G2: V-220697 | H2: medium | I2: SRG-OS-000480-GPOS-00227 | J2: SV-220697r569187_rule | K2: WN10-00-000005 | L2: Domain-joined systems must use Windows 10 Enterprise Edition 64-bit version. | M2: Features such as Credential Guard use virtualization based security to protect information that could be used in credential theft attacks if compromised. There are a number of system requirements that must be met in order for Credential Guard to be configured and enabled properly. Virtualization based security and Credential Guard are only available with Windows 10 Enterprise 64-bit version. | O2: Verify domain-joined systems are using Windows 10 Enterprise Edition 64-bit version. For standalone systems, this is NA. Open "Settings". Select "System", then "About". If "Edition" is not "Windows 10 Enterprise", this is a finding. If "System type" is not "64-bit operating systemâ€¦", this is a finding. | P2: Use Windows 10 Enterprise 64-bit version for domain-joined systems. | S2: FALSE | Z2: M | AA2: Unclass | AB2: Windows 10 Security Technical Implementation Guide :: Version 2, Release: 2 Benchmark Date: 04 May 2021 | AC2: Not Reviewed | AH2: CCI-000366 The organization implements the security configuration settings. NIST SP 800-53 :: CM-6 b NIST SP 800-53A :: CM-6.1 (iv) NIST SP 800-53 Revision 4 :: CM-6 b | AJ2: CM-6 b | AK2: V-63319; SV-77809 | AL2: V-63319 | AM2: SV-77809 | AN2: =VLOOKUP(AL2,'old modules'!A:A,1,FALSE) -> #N/A
A3: V-100093 | B3: =(SUBSTITUTE(G3,"V-","")) -> 220793 | G3: V-220793 | H3: medium | I3: SRG-OS-000095-GPOS-00049 | J3: SV-220793r569187_rule | K3: WN10-CC-000007 | L3: Windows 10 must cover or disable the built-in or attached camera when not in use. | M3: It is detrimental for operating systems to provide, or install by default, functionality exceeding requirements or mission objectives. These unnecessary capabilities or services are often overlooked and therefore may remain unsecured. They increase the risk to the platform by providing additional attack vectors. Failing to disconnect from collaborative computing devices (i.e. cameras) can result in subsequent compromises of organizational information. Providing easy methods to physically disconnect from such devices after a collaborative computing session helps to ensure that participants actually carry out the disconnect activity without having to go through complex and tedious procedures. Satisfies: SRG-OS-000095-GPOS-00049, SRG-OS-000370-GPOS-00155 | O3: If the device or operating system does not have a camera installed, this requirement is not applicable. This requirement is not applicable to mobile devices (smartphones and tablets), where the use of the camera is a local AO decision. This requirement is not applicable to dedicated VTC suites located in approved VTC locations that are centrally managed. For an external camera, if there is not a method for the operator to manually disconnect camera at the end of collaborative computing sessions, this is a finding. For a built-in camera, the camera must be protected by a camera cover (e.g. laptop camera cover slide) when not in use. If the built-in camera is not protected with a camera cover, or if the built-in camera is not disabled in the bios, this is a finding. If the camera is not disconnected or covered, the following registry entry is required: Registry Hive: HKEY_LOCAL_MACHINE RegistryPath\SOFTWARE\Microsoft\Windows\CurrentVersion\CapabilityAccessManager\ConsentStore\webcam Value Name: Deny If "Value Name" is set to a value other than "Deny" and the collaborative computing device has not been authorized for use, this is a finding. | P3: If the camera is not disconnected or covered, the following registry entry is required. Registry Hive: HKEY_LOCAL_MACHINE RegistryPath\SOFTWARE\Microsoft\Windows\CurrentVersion\CapabilityAccessManager\ConsentStore\webcam Value Name: Deny | S3: FALSE | Z3: M | AA3: Unclass | AB3: Windows 10 Security Technical Implementation Guide :: Version 2, Release: 2 Benchmark Date: 04 May 2021 | AC3: Not Reviewed | AH3: CCI-000381 The organization configures the information system to provide only essential capabilities. NIST SP 800-53 :: CM-7 NIST SP 800-53A :: CM-7.1 (ii) NIST SP 800-53 Revision 4 :: CM-7 a | AJ3: CM-7 a | AK3: V-100093; SV-109197 | AL3: V-100093 | AM3: SV-109197 | AN3: =VLOOKUP(AL3,'old modules'!A:A,1,FALSE) -> V-100093
A4: V-77083 | G4: V-220699 | H4: medium | I4: SRG-OS-000480-GPOS-00227 | J4: SV-220699r569187_rule | K4: WN10-00-000015 | L4: Windows 10 systems must have Unified Extensible Firmware Interface (UEFI) firmware and be configured to run in UEFI mode, not Legacy BIOS. | M4: UEFI provides additional security features in comparison to legacy BIOS firmware, including Secure Boot. UEFI is required to support additional security features in Windows 10, including Virtualization Based Security and Credential Guard. Systems with UEFI that are operating in Legacy BIOS mode will not support these security features. | O4: For virtual desktop implementations (VDIs) where the virtual desktop instance is deleted or refreshed upon logoff, this is NA. Verify the system firmware is configured to run in UEFI mode, not Legacy BIOS. Run "System Information". Under "System Summary", if "BIOS Mode" does not display "UEFI", this is a finding. | P4: Configure UEFI firmware to run in UEFI mode, not Legacy BIOS mode. | S4: FALSE | Z4: M | AA4: Unclass | AB4: Windows 10 Security Technical Implementation Guide :: Version 2, Release: 2 Benchmark Date: 04 May 2021 | AC4: Not Reviewed | AH4: CCI-000366 The organization implements the security configuration settings. NIST SP 800-53 :: CM-6 b NIST SP 800-53A :: CM-6.1 (iv) NIST SP 800-53 Revision 4 :: CM-6 b | AJ4: CM-6 b | AK4: V-77083; SV-91779 | AL4: V-77083 | AM4: SV-91779 | AN4: =VLOOKUP(AL4,'old modules'!A:A,1,FALSE) -> #N/A
A5: V-63323 | B5: =(SUBSTITUTE(G5,"V-","")) -> 220698 | G5: V-220698 | H5: medium | I5: SRG-OS-000480-GPOS-00227 | J5: SV-220698r569187_rule | K5: WN10-00-000010 | L5: Windows 10 domain-joined systems must have a Trusted Platform Module (TPM) enabled and ready for use. | M5: Credential Guard uses virtualization based security to protect information that could be used in credential theft attacks if compromised. There are a number of system requirements that must be met in order for Credential Guard to be configured and enabled properly. Without a TPM enabled and ready for use, Credential Guard keys are stored in a less secure method using software. | O5: Verify domain-joined systems have a TPM enabled and ready for use. For standalone systems, this is NA. Virtualization based security, including Credential Guard, currently cannot be implemented in virtual desktop implementations (VDI) due to specific supporting requirements including a TPM, UEFI with Secure Boot, and the capability to run the Hyper-V feature within the virtual desktop. For VDIs where the virtual desktop instance is deleted or refreshed upon logoff, this is NA. Verify the system has a TPM and is ready for use. Run "tpm.msc". Review the sections in the center pane. "Status" must indicate it has been configured with a message such as "The TPM is ready for use" or "The TPM is on and ownership has been taken". TPM Manufacturer Information - Specific Version = 2.0 or 1.2 If a TPM is not found or is not ready for use, this is a finding. | P5: For standalone systems, this is NA. Virtualization based security, including Credential Guard, currently cannot be implemented in virtual desktop implementations (VDI) due to specific supporting requirements including a TPM, UEFI with Secure Boot, and the capability to run the Hyper-V feature within the virtual desktop. For VDIs where the virtual desktop instance is deleted or refreshed upon logoff, this is NA. Ensure domain-joined systems must have a Trusted Platform Module (TPM) that is configured for use. (Versions 2.0 or 1.2 support Credential Guard.) The TPM must be enabled in the firmware. Run "tpm.msc" for configuration options in Windows. | S5: FALSE | Z5: M | AA5: Unclass | AB5: Windows 10 Security Technical Implementation Guide :: Version 2, Release: 2 Benchmark Date: 04 May 2021 | AC5: Not Reviewed | AH5: CCI-000366 The organization implements the security configuration settings. NIST SP 800-53 :: CM-6 b NIST SP 800-53A :: CM-6.1 (iv) NIST SP 800-53 Revision 4 :: CM-6 b | AJ5: CM-6 b | AK5: V-63323; SV-77813 | AL5: V-63323 | AM5: SV-77813 | AN5: =VLOOKUP(AL5,'old modules'!A:A,1,FALSE) -> V-63323
A6: V-63343 | G6: V-220701 | H6: medium | I6: SRG-OS-000191-GPOS-00080 | J6: SV-220701r569187_rule | K6: WN10-00-000025 | L6: Windows 10 must employ automated mechanisms to determine the state of system components with regard to flaw remediation using the following frequency: continuously, where HBSS is used; 30 days, for any additional internal network scans not covered by HBSS; and annually, for external scans by Computer Network Defense Service Provider (CNDSP). | M6: An approved tool for continuous network scanning must be installed and configured to run. Without the use of automated mechanisms to scan for security flaws on a continuous and/or periodic basis, the operating system or other system components may remain vulnerable to the exploits presented by undetected software flaws. To support this requirement, the operating system may have an integrated solution incorporating continuous scanning using HBSS and periodic scanning using other tools, as specified in the requirement. | O6: Verify DoD-approved ESS software is installed and properly operating. Ask the site ISSM for documentation of the ESS software installation and configuration. If the ISSM is not able to provide a documented configuration for an installed ESS or if the ESS software is not properly maintained or used, this is a finding. Note: Example of documentation can be a copy of the site's CCB approved Software Baseline with version of software noted or a memo from the ISSM stating current ESS software and version. | P6: Install DoD-approved ESS software and ensure it is operating continuously. | S6: FALSE | Z6: M | AA6: Unclass | AB6: Windows 10 Security Technical Implementation Guide :: Version 2, Release: 2 Benchmark Date: 04 May 2021 | AC6: Not Reviewed | AH6: CCI-001233 The organization employs automated mechanisms on an organization-defined frequency to determine the state of information system components with regard to flaw remediation. NIST SP 800-53 :: SI-2 (2) NIST SP 800-53A :: SI-2 (2).1 (ii) NIST SP 800-53 Revision 4 :: SI-2 (2) | AJ6: SI-2 (2) | AK6: V-63343; SV-77833 | AL6: V-63343 | AM6: SV-77833 | AN6: =VLOOKUP(AL6,'old modules'!A:A,1,FALSE) -> #N/A
A7: V-63337 | G7: V-220702 | H7: medium | I7: SRG-OS-000185-GPOS-00079 | J7: SV-220702r569228_rule | K7: WN10-00-000030 | L7: Windows 10 information systems must use BitLocker to encrypt all disks to protect the confidentiality and integrity of all information at rest. | M7: If data at rest is unencrypted, it is vulnerable to disclosure. Even if the operating system enforces permissions on data access, an adversary can remove non-volatile memory and read it directly, thereby circumventing operating system controls. Encrypting the data ensures that confidentiality is protected even when the operating system is not running. | O7: Verify all Windows 10 information systems (including SIPRNet) employ BitLocker for full disk encryption. For virtual desktop implementations (VDIs) in which the virtual desktop instance is deleted or refreshed upon logoff, this is NA. For WVD implementations with no data at rest, this is NA. If full disk encryption using BitLocker is not implemented, this is a finding. Verify BitLocker is turned on for the operating system drive and any fixed data drives. Open "BitLocker Drive Encryption" from the Control Panel. If the operating system drive or any fixed data drives have "Turn on BitLocker", this is a finding. NOTE: An alternate encryption application may be used in lieu of BitLocker providing it is configured for full disk encryption and satisfies the pre-boot authentication requirements (WN10-00-000031 and WN10-00-000032). | P7: Enable full disk encryption on all information systems (including SIPRNet) using BitLocker. BitLocker, included in Windows, can be enabled in the Control Panel under "BitLocker Drive Encryption" as well as other management tools. NOTE: An alternate encryption application may be used in lieu of BitLocker providing it is configured for full disk encryption and satisfies the pre-boot authentication requirements (WN10-00-000031 and WN10-00-000032). | S7: FALSE | Z7: M | AA7: Unclass | AB7: Windows 10 Security Technical Implementation Guide :: Version 2, Release: 2 Benchmark Date: 04 May 2021 | AC7: Not Reviewed | AH7: CCI-001199 The information system protects the confidentiality and/or integrity of organization-defined information at rest. NIST SP 800-53 :: SC-28 NIST SP 800-53A :: SC-28.1 NIST SP 800-53 Revision 4 :: SC-28 CCI-002475 The information system implements cryptographic mechanisms to prevent unauthorized modification of organization-defined information at rest on organization-defined information system components. NIST SP 800-53 Revision 4 :: SC-28 (1) CCI-002476 The information system implements cryptographic mechanisms to prevent unauthorized disclosure of organization-defined information at rest on organization-defined information system components. NIST SP 800-53 Revision 4 :: SC-28 (1) | AJ7: SC-28;SC-28 (1) | AK7: V-63337; SV-77827 | AL7: V-63337 | AM7: SV-77827 | AN7: =VLOOKUP(AL7,'old modules'!A:A,1,FALSE) -> #N/A
A8: V-94859 | G8: V-220703 | H8: medium | I8: SRG-OS-000185-GPOS-00079 | J8: SV-220703r569288_rule | K8: WN10-00-000031 | L8: Windows 10 systems must use a BitLocker PIN for pre-boot authentication. | M8: If data at rest is unencrypted, it is vulnerable to disclosure. Even if the operating system enforces permissions on data access, an adversary can remove non-volatile memory and read it directly, thereby circumventing operating system controls. Encrypting the data ensures that confidentiality is protected even when the operating system is not running. Pre-boot authentication prevents unauthorized users from accessing encrypted drives. | O8: If the following registry value does not exist or is not configured as specified, this is a finding. For virtual desktop implementations (VDIs) in which the virtual desktop instance is deleted or refreshed upon logoff, this is NA. For WVD implementations with no data at rest, this is NA. Registry Hive: HKEY_LOCAL_MACHINE Registry Path: \SOFTWARE\Policies\Microsoft\FVE\ Value Name: UseAdvancedStartup Type: REG_DWORD Value: 0x00000001 (1) If one of the following registry values does not exist or is not configured as specified, this is a finding. Registry Hive: HKEY_LOCAL_MACHINE Registry Path: \SOFTWARE\Policies\Microsoft\FVE\ Value Name: UseTPMPIN Type: REG_DWORD Value: 0x00000001 (1) Value Name: UseTPMKeyPIN Type: REG_DWORD Value: 0x00000001 (1) When BitLocker network unlock is used: Value Name: UseTPMPIN Type: REG_DWORD Value: 0x00000002 (2) Value Name: UseTPMKeyPIN Type: REG_DWORD Value: 0x00000002 (2) BitLocker network unlock may be used in conjunction with a BitLocker PIN. See the article below regarding information about network unlock. https://docs.microsoft.com/en-us/windows/security/information-protection/bitlocker/bitlocker-how-to-enable-network-unlock | P8: Configure the policy value for Computer Configuration >> Administrative Templates >> Windows Components >> BitLocker Drive Encryption >> Operating System Drives "Require additional authentication at startup" to "Enabled" with "Configure TPM Startup PIN:" set to "Require startup PIN with TPM" or with "Configure TPM startup key and PIN:" set to "Require startup key and PIN with TPM". | S8: FALSE | Z8: M | AA8: Unclass | AB8: Windows 10 Security Technical Implementation Guide :: Version 2, Release: 2 Benchmark Date: 04 May 2021 | AC8: Not Reviewed | AH8: CCI-002476 The information system implements cryptographic mechanisms to prevent unauthorized disclosure of organization-defined information at rest on organization-defined information system components. NIST SP 800-53 Revision 4 :: SC-28 (1) CCI-002475 The information system implements cryptographic mechanisms to prevent unauthorized modification of organization-defined information at rest on organization-defined information system components. NIST SP 800-53 Revision 4 :: SC-28 (1) CCI-001199 The information system protects the confidentiality and/or integrity of organization-defined information at rest. NIST SP 800-53 :: SC-28 NIST SP 800-53A :: SC-28.1 NIST SP 800-53 Revision 4 :: SC-28 | AJ8: SC-28;SC-28 (1) | AK8: V-94859; SV-104689 | AL8: V-94859 | AM8: SV-104689 | AN8: =VLOOKUP(AL8,'old modules'!A:A,1,FALSE) -> #N/A
A9: V-63345 | B9: =(SUBSTITUTE(G9,"V-","")) -> 220705 | G9: V-220705 | H9: medium | I9: SRG-OS-000370-GPOS-00155 | J9: SV-220705r569187_rule | K9: WN10-00-000035 | L9: The operating system must employ a deny-all, permit-by-exception policy to allow the execution of authorized software programs. | M9: Utilizing a whitelist provides a configuration management method for allowing the execution of only authorized software. Using only authorized software decreases risk by limiting the number of potential vulnerabilities. The organization must identify authorized software programs and only permit execution of authorized software. The process used to identify software programs that are authorized to execute on organizational information systems is commonly referred to as whitelisting. | O9: This is applicable to unclassified systems; for other systems this is NA. Verify the operating system employs a deny-all, permit-by-exception policy to allow the execution of authorized software programs. This must include packaged apps such as the universals apps installed by default on systems. If an application whitelisting program is not in use on the system, this is a finding. Configuration of whitelisting applications will vary by the program. AppLocker is a whitelisting application built into Windows 10 Enterprise. A deny-by-default implementation is initiated by enabling any AppLocker rules within a category, only allowing what is specified by defined rules. If AppLocker is used, perform the following to view the configuration of AppLocker: Run "PowerShell". Execute the following command, substituting [c:\temp\file.xml] with a location and file name appropriate for the system: Get-AppLockerPolicy -Effective -XML > c:\temp\file.xml This will produce an xml file with the effective settings that can be viewed in a browser or opened in a program such as Excel for review. Implementation guidance for AppLocker is available in the NSA paper "Application Whitelisting using Microsoft AppLocker" at the following link: https://www.iad.gov/iad/library/ia-guidance/tech-briefs/application-whitelisting-using-microsoft-applocker.cfm | P9: Configure an application whitelisting program to employ a deny-all, permit-by-exception policy to allow the execution of authorized software programs. Configuration of whitelisting applications will vary by the program. AppLocker is a whitelisting application built into Windows 10 Enterprise. If AppLocker is used, it is configured through group policy in Computer Configuration >> Windows Settings >> Security Settings >> Application Control Policies >> AppLocker. Implementation guidance for AppLocker is available in the NSA paper "Application Whitelisting using Microsoft AppLocker" at the following link: https://www.iad.gov/iad/library/ia-guidance/tech-briefs/application-whitelisting-using-microsoft-applocker.cfm | S9: FALSE | Z9: M | AA9: Unclass | AB9: Windows 10 Security Technical Implementation Guide :: Version 2, Release: 2 Benchmark Date: 04 May 2021 | AC9: Not Reviewed | AH9: CCI-001774 The organization employs an deny-all, permit-by-exception policy to allow the execution of authorized software programs on the information system. NIST SP 800-53 Revision 4 :: CM-7 (5) (b) | AJ9: CM-7 (5) (b) | AK9: V-63345; SV-77835 | AL9: V-63345 | AM9: SV-77835 | AN9: =VLOOKUP(AL9,'old modules'!A:A,1,FALSE) -> V-63345
A10: V-63351 | B10: =(SUBSTITUTE(G10,"V-","")) -> 220707 | G10: V-220707 | H10: high | I10: SRG-OS-000480-GPOS-00227 | J10: SV-220707r569187_rule | K10: WN10-00-000045 | L10: The Windows 10 system must use an anti-virus program. | M10: Malicious software can establish a base on individual desktops and servers. Employing an automated mechanism to detect this type of software will aid in elimination of the software from the operating system. | O10: Verify an anti-virus solution is installed on the system and in use. The anti-virus solution may be bundled with an approved host-based security solution. Verify if Windows Defender is in use or enabled: Open "PowerShell". Enter â€œget-service | where {$_.DisplayName -Like "*Defender*"} | Select Status,DisplayNameâ€ Verify third-party antivirus is in use or enabled: Open "PowerShell". Enter â€œget-service | where {$_.DisplayName -Like "*mcafee*"} | Select Status,DisplayNameâ€ Enter â€œget-service | where {$_.DisplayName -Like "*symantec*"} | Select Status,DisplayNameâ€ If there is no anti-virus solution installed on the system, this is a finding. | P10: If no anti-virus software is in use, install Windows Defender or a third-party anti-virus solution. | S10: FALSE | Z10: M | AA10: Unclass | AB10: Windows 10 Security Technical Implementation Guide :: Version 2, Release: 2 Benchmark Date: 04 May 2021 | AC10: Not Reviewed | AH10: CCI-000366 The organization implements the security configuration settings. NIST SP 800-53 :: CM-6 b NIST SP 800-53A :: CM-6.1 (iv) NIST SP 800-53 Revision 4 :: CM-6 b | AJ10: CM-6 b | AK10: V-63351; SV-77841 | AL10: V-63351 | AM10: SV-77841 | AN10: =VLOOKUP(AL10,'old modules'!A:A,1,FALSE) -> V-63351
A11: V-63349 | G11: V-220706 | H11: high | I11: SRG-OS-000480-GPOS-00227 | J11: SV-220706r646212_rule | K11: WN10-00-000040 | L11: Windows 10 systems must be maintained at a supported servicing level. | M11: Windows 10 is maintained by Microsoft at servicing levels for specific periods of time to support Windows as a Service. Systems at unsupported servicing levels or releases will not receive security updates for new vulnerabilities which leaves them subject to exploitation. New versions with feature updates are planned to be released on a semi-annual basis with an estimated support timeframe of 18 to 30 months depending on the release. Support for previously released versions has been extended for Enterprise editions. A separate servicing branch intended for special purpose systems is the Long-Term Servicing Channel (LTSC, formerly Branch - LTSB) which will receive security updates for 10 years but excludes feature updates. | O11: Run "winver.exe". If the "About Windows" dialog box does not display: "Microsoft Windows Version 1909 (OS Build 18363.0)" or greater, this is a finding. Note: Microsoft has extended support for previous versions providing critical and important updates for Windows 10 Enterprise. Microsoft scheduled end of support dates for current Semi-Annual Channel versions: v1909 - 10 May 2022 v2004 - 14 December 2021 v20H2 â€“ 9 May 2023 No preview versions will be used in a production environment. Special-purpose systems using the Long-Term Servicing Branch\Channel (LTSC\B) may be at the following versions, which is not a finding: v1507 (Build 10240) v1607 (Build 14393) v1809 (Build 17763) | P11: Update systems on the Semi-Annual Channel to "Microsoft Windows Version 1909 (OS Build 18363.0)" or greater. It is recommended systems be upgraded to the most recently released version. Special-purpose systems using the Long-Term Servicing Branch\Channel (LTSC\B) may be at the following versions: v1507 (Build 10240) v1607 (Build 14393) v1809 (Build 17763) | S11: FALSE | Z11: M | AA11: Unclass | AB11: Windows 10 Security Technical Implementation Guide :: Version 2, Release: 2 Benchmark Date: 04 May 2021 | AC11: Not Reviewed | AH11: CCI-000366 The organization implements the security configuration settings. NIST SP 800-53 :: CM-6 b NIST SP 800-53A :: CM-6.1 (iv) NIST SP 800-53 Revision 4 :: CM-6 b | AJ11: CM-6 b | AK11: V-63349; SV-77839 | AL11: V-63349 | AM11: SV-77839 | AN11: =VLOOKUP(AL11,'old modules'!A:A,1,FALSE) -> #N/A
A12: V-63355 | B12: =(SUBSTITUTE(G12,"V-","")) -> 220709 | G12: V-220709 | H12: medium | I12: SRG-OS-000480-GPOS-00227 | J12: SV-220709r569187_rule | K12: WN10-00-000055 | L12: Alternate operating systems must not be permitted on the same system. | M12: Allowing other operating systems to run on a secure system may allow security to be circumvented. | O12: Verify the system does not include other operating system installations. Run "Advanced System Settings". Select the "Advanced" tab. Click the "Settings" button in the "Startup and Recovery" section. If the drop-down list box "Default operating system:" shows any operating system other than Windows 10, this is a finding. | P12: Ensure Windows 10 is the only operating system on a device. Remove alternate operating systems. | S12: FALSE | Z12: M | AA12: Unclass | AB12: Windows 10 Security Technical Implementation Guide :: Version 2, Release: 2 Benchmark Date: 04 May 2021 | AC12: Not Reviewed | AH12: CCI-000366 The organization implements the security configuration settings. NIST SP 800-53 :: CM-6 b NIST SP 800-53A :: CM-6.1 (iv) NIST SP 800-53 Revision 4 :: CM-6 b | AJ12: CM-6 b | AK12: V-63355; SV-77845 | AL12: V-63355 | AM12: SV-77845 | AN12: =VLOOKUP(AL12,'old modules'!A:A,1,FALSE) -> V-63355
A13: V-63353 | G13: V-220708 | H13: high | I13: SRG-OS-000080-GPOS-00048 | J13: SV-220708r569187_rule | K13: WN10-00-000050 | L13: Local volumes must be formatted using NTFS. | M13: The ability to set access permissions and auditing is critical to maintaining the security and proper access controls of a system. To support this, volumes must be formatted using the NTFS file system. | O13: Run "Computer Management". Navigate to Storage >> Disk Management. If the "File System" column does not indicate "NTFS" for each volume assigned a drive letter, this is a finding. This does not apply to system partitions such the Recovery and EFI System Partition. | P13: Format all local volumes to use NTFS. | S13: FALSE | Z13: M | AA13: Unclass | AB13: Windows 10 Security Technical Implementation Guide :: Version 2, Release: 2 Benchmark Date: 04 May 2021 | AC13: Not Reviewed | AH13: CCI-000213 The information system enforces approved authorizations for logical access to information and system resources in accordance with applicable access control policies. NIST SP 800-53 :: AC-3 NIST SP 800-53A :: AC-3.1 NIST SP 800-53 Revision 4 :: AC-3 | AJ13: AC-3 | AK13: V-63353; SV-77843 | AL13: V-63353 | AM13: SV-77843 | AN13: =VLOOKUP(AL13,'old modules'!A:A,1,FALSE) -> #N/A
A14: V-63357 | B14: =(SUBSTITUTE(G14,"V-","")) -> 220710 | G14: V-220710 | H14: medium | I14: SRG-OS-000138-GPOS-00069 | J14: SV-220710r569187_rule | K14: WN10-00-000060 | L14: Non system-created file shares on a system must limit access to groups that require it. | M14: Shares which provide network access, should not typically exist on a workstation except for system-created administrative shares, and could potentially expose sensitive information. If a share is necessary, share permissions, as well as NTFS permissions, must be reconfigured to give the minimum access to those accounts that require it. | O14: Non system-created shares should not typically exist on workstations. If only system-created shares exist on the system this is NA. Run "Computer Management". Navigate to System Tools >> Shared Folders >> Shares. If the only shares listed are "ADMIN$", "C$" and "IPC$", this is NA. (Selecting Properties for system-created shares will display a message that it has been shared for administrative purposes.) Right click any non-system-created shares. Select "Properties". Select the "Share Permissions" tab. Verify the necessity of any shares found. If the file shares have not been reconfigured to restrict permissions to the specific groups or accounts that require access, this is a finding. Select the "Security" tab. If the NTFS permissions have not been reconfigured to restrict permissions to the specific groups or accounts that require access, this is a finding. | P14: If a non system-created share is required on a system, configure the share and NTFS permissions to limit access to the specific groups or accounts that require it. Remove any unnecessary non-system created shares. | S14: FALSE | Z14: M | AA14: Unclass | AB14: Windows 10 Security Technical Implementation Guide :: Version 2, Release: 2 Benchmark Date: 04 May 2021 | AC14: Not Reviewed | AH14: CCI-001090 The information system prevents unauthorized and unintended information transfer via shared system resources. NIST SP 800-53 :: SC-4 NIST SP 800-53A :: SC-4.1 NIST SP 800-53 Revision 4 :: SC-4 | AJ14: SC-4 | AK14: V-63357; SV-77847 | AL14: V-63357 | AM14: SV-77847 | AN14: =VLOOKUP(AL14,'old modules'!A:A,1,FALSE) -> V-63357
A15: V-63359 | B15: =(SUBSTITUTE(G15,"V-","")) -> 220711 | G15: V-220711 | H15: low | I15: SRG-OS-000118-GPOS-00060 | J15: SV-220711r569187_rule | K15: WN10-00-000065 | L15: Unused accounts must be disabled or removed from the system after 35 days of inactivity. | M15: Outdated or unused accounts provide penetration points that may go undetected. Inactive accounts must be deleted if no longer necessary or, if still required, disable until needed. | O15: Run "PowerShell". Copy the lines below to the PowerShell window and enter. "([ADSI]('WinNT://{0}' -f $env:COMPUTERNAME)).Children | Where { $_.SchemaClassName -eq 'user' } | ForEach { $user = ([ADSI]$_.Path) $lastLogin = $user.Properties.LastLogin.Value $enabled = ($user.Properties.UserFlags.Value -band 0x2) -ne 0x2 if ($lastLogin -eq $null) { $lastLogin = 'Never' } Write-Host $user.Name $lastLogin $enabled }" This will return a list of local accounts with the account name, last logon, and if the account is enabled (True/False). For example: User1 10/31/2015 5:49:56 AM True Review the list to determine the finding validity for each account reported. Exclude the following accounts: Built-in administrator account (Disabled, SID ending in 500) Built-in guest account (Disabled, SID ending in 501) Built-in DefaultAccount (Disabled, SID ending in 503) Local administrator account If any enabled accounts have not been logged on to within the past 35 days, this is a finding. Inactive accounts that have been reviewed and deemed to be required must be documented with the ISSO. | P15: Regularly review local accounts and verify their necessity. Disable or delete any active accounts that have not been used in the last 35 days. | S15: FALSE | Z15: M | AA15: Unclass | AB15: Windows 10 Security Technical Implementation Guide :: Version 2, Release: 2 Benchmark Date: 04 May 2021 | AC15: Not Reviewed | AH15: CCI-000795 The organization manages information system identifiers by disabling the identifier after an organization defined time period of inactivity. NIST SP 800-53 :: IA-4 e NIST SP 800-53A :: IA-4.1 (iii) NIST SP 800-53 Revision 4 :: IA-4 e | AJ15: IA-4 e | AK15: V-63359; SV-77849 | AL15: V-63359 | AM15: SV-77849 | AN15: =VLOOKUP(AL15,'old modules'!A:A,1,FALSE) -> V-63359
A16: V-63361 | B16: =(SUBSTITUTE(G16,"V-","")) -> 220712 | G16: V-220712 | H16: high | I16: SRG-OS-000324-GPOS-00125 | J16: SV-220712r569187_rule | K16: WN10-00-000070 | L16: Only accounts responsible for the administration of a system must have Administrator rights on the system. | M16: An account that does not have Administrator duties must not have Administrator rights. Such rights would allow the account to bypass or modify required security restrictions on that machine and make it vulnerable to attack. System administrators must log on to systems only using accounts with the minimum level of authority necessary. For domain-joined workstations, the Domain Admins group must be replaced by a domain workstation administrator group (see V-36434 in the Active Directory Domain STIG). Restricting highly privileged accounts from the local Administrators group helps mitigate the risk of privilege escalation resulting from credential theft attacks. Standard user accounts must not be members of the local administrators group. | O16: Run "Computer Management". Navigate to System Tools >> Local Users and Groups >> Groups. Review the members of the Administrators group. Only the appropriate administrator groups or accounts responsible for administration of the system may be members of the group. For domain-joined workstations, the Domain Admins group must be replaced by a domain workstation administrator group. Standard user accounts must not be members of the local administrator group. If prohibited accounts are members of the local administrators group, this is a finding. The built-in Administrator account or other required administrative accounts would not be a finding. | P16: Configure the system to include only administrator groups or accounts that are responsible for the system in the local Administrators group. For domain-joined workstations, the Domain Admins group must be replaced by a domain workstation administrator group. Remove any standard user accounts. | S16: FALSE | Z16: M | AA16: Unclass | AB16: Windows 10 Security Technical Implementation Guide :: Version 2, Release: 2 Benchmark Date: 04 May 2021 | AC16: Not Reviewed | AH16: CCI-002235 The information system prevents non-privileged users from executing privileged functions to include disabling, circumventing, or altering implemented security safeguards/countermeasures. NIST SP 800-53 Revision 4 :: AC-6 (10) | AJ16: AC-6 (10) | AK16: V-63361; SV-77851 | AL16: V-63361 | AM16: SV-77851 | AN16: =VLOOKUP(AL16,'old modules'!A:A,1,FALSE) -> V-63361
A17: V-63363 | B17: =(SUBSTITUTE(G17,"V-","")) -> 220713 | G17: V-220713 | H17: medium | I17: SRG-OS-000480-GPOS-00227 | J17: SV-220713r569187_rule | K17: WN10-00-000075 | L17: Only accounts responsible for the backup operations must be members of the Backup Operators group. | M17: Backup Operators are able to read and write to any file in the system, regardless of the rights assigned to it. Backup and restore rights permit users to circumvent the file access restrictions present on NTFS disk drives for backup and restore purposes. Members of the Backup Operators group must have separate logon accounts for performing backup duties. | O17: Run "Computer Management". Navigate to System Tools >> Local Users and Groups >> Groups. Review the members of the Backup Operators group. If the group contains no accounts, this is not a finding. If the group contains any accounts, the accounts must be specifically for backup functions. If the group contains any standard user accounts used for performing normal user tasks, this is a finding. | P17: Create separate accounts for backup operations for users with this privilege. | S17: FALSE | Z17: M | AA17: Unclass | AB17: Windows 10 Security Technical Implementation Guide :: Version 2, Release: 2 Benchmark Date: 04 May 2021 | AC17: Not Reviewed | AH17: CCI-000366 The organization implements the security configuration settings. NIST SP 800-53 :: CM-6 b NIST SP 800-53A :: CM-6.1 (iv) NIST SP 800-53 Revision 4 :: CM-6 b | AJ17: CM-6 b | AK17: V-63363; SV-77853 | AL17: V-63363 | AM17: SV-77853 | AN17: =VLOOKUP(AL17,'old modules'!A:A,1,FALSE) -> V-63363
A18: V-63367 | B18: =(SUBSTITUTE(G18,"V-","")) -> 220715 | G18: V-220715 | H18: low | I18: SRG-OS-000480-GPOS-00227 | J18: SV-220715r569187_rule | K18: WN10-00-000085 | L18: Standard local user accounts must not exist on a system in a domain. | M18: To minimize potential points of attack, local user accounts, other than built-in accounts and local administrator accounts, must not exist on a workstation in a domain. Users must log onto workstations in a domain with their domain accounts. | O18: Run "Computer Management". Navigate to System Tools >> Local Users and Groups >> Users. If local users other than the accounts listed below exist on a workstation in a domain, this is a finding. Built-in Administrator account (Disabled) Built-in Guest account (Disabled) Built-in DefaultAccount (Disabled) Built-in defaultuser0 (Disabled) Built-in WDAGUtilityAccount (Disabled) Local administrator account(s) All of the built-in accounts may not exist on a system, depending on the Windows 10 version. | P18: Limit local user accounts on domain-joined systems. Remove any unauthorized local accounts. | S18: FALSE | Z18: M | AA18: Unclass | AB18: Windows 10 Security Technical Implementation Guide :: Version 2, Release: 2 Benchmark Date: 04 May 2021 | AC18: Not Reviewed | AH18: CCI-000366 The organization implements the security configuration settings. NIST SP 800-53 :: CM-6 b NIST SP 800-53A :: CM-6.1 (iv) NIST SP 800-53 Revision 4 :: CM-6 b | AJ18: CM-6 b | AK18: V-63367; SV-77857 | AL18: V-63367 | AM18: SV-77857 | AN18: =VLOOKUP(AL18,'old modules'!A:A,1,FALSE) -> V-63367
A19: V-63365 | G19: V-220714 | H19: medium | I19: SRG-OS-000095-GPOS-00049 | J19: SV-220714r569187_rule | K19: WN10-00-000080 | L19: Only authorized user accounts must be allowed to create or run virtual machines on Windows 10 systems. | M19: Allowing other operating systems to run on a secure system may allow users to circumvent security. For Hyper-V, preventing unauthorized users from being assigned to the Hyper-V Administrators group will prevent them from accessing or creating virtual machines on the system. The Hyper-V Hypervisor is used by Virtualization Based Security features such as Credential Guard on Windows 10; however, it is not the full Hyper-V installation. | O19: If a hosted hypervisor (Hyper-V, VMware Workstation, etc.) is installed on the system, verify only authorized user accounts are allowed to run virtual machines. For Hyper-V, Run "Computer Management". Navigate to System Tools >> Local Users and Groups >> Groups. Double click on "Hyper-V Administrators". If any unauthorized groups or user accounts are listed in "Members:", this is a finding. For hosted hypervisors other than Hyper-V, verify only authorized user accounts have access to run the virtual machines. Restrictions may be enforced by access to the physical system, software restriction policies, or access restrictions built in to the application. If any unauthorized groups or user accounts have access to create or run virtual machines, this is a finding. All users authorized to create or run virtual machines must be documented with the ISSM/ISSO. Accounts nested within group accounts must be documented as individual accounts and not the group accounts. | P19: For Hyper-V, remove any unauthorized groups or user accounts from the "Hyper-V Administrators" group. For hosted hypervisors other than Hyper-V, restrict access to create or run virtual machines to authorized user accounts only. | S19: FALSE | Z19: M | AA19: Unclass | AB19: Windows 10 Security Technical Implementation Guide :: Version 2, Release: 2 Benchmark Date: 04 May 2021 | AC19: Not Reviewed | AH19: CCI-000381 The organization configures the information system to provide only essential capabilities. NIST SP 800-53 :: CM-7 NIST SP 800-53A :: CM-7.1 (ii) NIST SP 800-53 Revision 4 :: CM-7 a | AJ19: CM-7 a | AK19: V-63365; SV-77855 | AL19: V-63365 | AM19: SV-77855 | AN19: =VLOOKUP(AL19,'old modules'!A:A,1,FALSE) -> #N/A
A20: V-63371 | B20: =(SUBSTITUTE(G20,"V-","")) -> 220716 | G20: V-220716 | H20: medium | I20: SRG-OS-000076-GPOS-00044 | J20: SV-220716r569187_rule | K20: WN10-00-000090 | L20: Accounts must be configured to require password expiration. | M20: Passwords that do not expire increase exposure with a greater probability of being discovered or cracked. | O20: Run "Computer Management". Navigate to System Tools >> Local Users and Groups >> Users. Double click each active account. If "Password never expires" is selected for any account, this is a finding. | P20: Configure all passwords to expire. Run "Computer Management". Navigate to System Tools >> Local Users and Groups >> Users. Double click each active account. Ensure "Password never expires" is not checked on all active accounts. | S20: FALSE | Z20: M | AA20: Unclass | AB20: Windows 10 Security Technical Implementation Guide :: Version 2, Release: 2 Benchmark Date: 04 May 2021 | AC20: Not Reviewed | AH20: CCI-000199 The information system enforces maximum password lifetime restrictions. NIST SP 800-53 :: IA-5 (1) (d) NIST SP 800-53A :: IA-5 (1).1 (v) NIST SP 800-53 Revision 4 :: IA-5 (1) (d) | AJ20: IA-5 (1) (d) | AK20: V-63371; SV-77861 | AL20: V-63371 | AM20: SV-77861 | AN20: =VLOOKUP(AL20,'old modules'!A:A,1,FALSE) -> V-63371
A21: V-63393 | B21: =(SUBSTITUTE(G21,"V-","")) -> 220723 | G21: V-220723 | H21: medium | I21: SRG-OS-000480-GPOS-00227 | J21: SV-220723r569187_rule | K21: WN10-00-000130 | L21: Software certificate installation files must be removed from Windows 10. | M21: Use of software certificates and their accompanying installation files for end users to access resources is less secure than the use of hardware-based certificates. | O21: Search all drives for *.p12 and *.pfx files. If any files with these extensions exist, this is a finding. This does not apply to server-based applications that have a requirement for .p12 certificate files (e.g., Oracle Wallet Manager) or Adobe PreFlight certificate files. Some applications create files with extensions of .p12 that are not certificate installation files. Removal of non-certificate installation files from systems is not required. These must be documented with the ISSO. | P21: Remove any certificate installation files (*.p12 and *.pfx) found on a system. Note: This does not apply to server-based applications that have a requirement for .p12 certificate files (e.g., Oracle Wallet Manager) or Adobe PreFlight certificate files. | S21: FALSE | Z21: M | AA21: Unclass | AB21: Windows 10 Security Technical Implementation Guide :: Version 2, Release: 2 Benchmark Date: 04 May 2021 | AC21: Not Reviewed | AH21: CCI-000366 The organization implements the security configuration settings. NIST SP 800-53 :: CM-6 b NIST SP 800-53A :: CM-6.1 (iv) NIST SP 800-53 Revision 4 :: CM-6 b | AJ21: CM-6 b | AK21: V-63393; SV-77883 | AL21: V-63393 | AM21: SV-77883 | AN21: =VLOOKUP(AL21,'old modules'!A:A,1,FALSE) -> V-63393
A22: V-63373 | G22: V-220717 | H22: medium | I22: SRG-OS-000312-GPOS-00122 | J22: SV-220717r569187_rule | K22: WN10-00-000095 | L22: Permissions for system files and directories must conform to minimum requirements. | M22: Changing the system's file and directory permissions allows the possibility of unauthorized and anonymous modification to the operating system and installed applications. | O22: The default file system permissions are adequate when the Security Option "Network access: Let Everyone permissions apply to anonymous users" is set to "Disabled" (WN10-SO-000160). If the default file system permissions are maintained and the referenced option is set to "Disabled", this is not a finding. Verify the default permissions for the sample directories below. Non-privileged groups such as Users or Authenticated Users must not have greater than Read & execute permissions except where noted as defaults. (Individual accounts must not be used to assign permissions.) Viewing in File Explorer: Select the "Security" tab, and the "Advanced" button. C:\ Type - "Allow" for all Inherited from - "None" for all Principal - Access - Applies to Administrators - Full control - This folder, subfolders and files SYSTEM - Full control - This folder, subfolders and files Users - Read & execute - This folder, subfolders and files Authenticated Users - Modify - Subfolders and files only Authenticated Users - Create folders / append data - This folder only \Program Files Type - "Allow" for all Inherited from - "None" for all Principal - Access - Applies to TrustedInstaller - Full control - This folder and subfolders SYSTEM - Modify - This folder only SYSTEM - Full control - Subfolders and files only Administrators - Modify - This folder only Administrators - Full control - Subfolders and files only Users - Read & execute - This folder, subfolders and files CREATOR OWNER - Full control - Subfolders and files only ALL APPLICATION PACKAGES - Read & execute - This folder, subfolders and files ALL RESTRICTED APPLICATION PACKAGES - Read & execute - This folder, subfolders and files \Windows Type - "Allow" for all Inherited from - "None" for all Principal - Access - Applies to TrustedInstaller - Full control - This folder and subfolders SYSTEM - Modify - This folder only SYSTEM - Full control - Subfolders and files only Administrators - Modify - This folder only Administrators - Full control - Subfolders and files only Users - Read & execute - This folder, subfolders and files CREATOR OWNER - Full control - Subfolders and files only ALL APPLICATION PACKAGES - Read & execute - This folder, subfolders and files ALL RESTRICTED APPLICATION PACKAGES - Read & execute - This folder, subfolders and files Alternately use icacls. Run "CMD" as administrator. Enter "icacls" followed by the directory. icacls c:\ icacls "c:\program files" icacls c:\windows The following results will be displayed as each is entered: c:\ BUILTIN\Administrators:(OI)(CI)(F) NT AUTHORITY\SYSTEM:(OI)(CI)(F) BUILTIN\Users:(OI)(CI)(RX) NT AUTHORITY\Authenticated Users:(OI)(CI)(IO)(M) NT AUTHORITY\Authenticated Users:(AD) Mandatory Label\High Mandatory Level:(OI)(NP)(IO)(NW) Successfully processed 1 files; Failed processing 0 files c:\program files NT SERVICE\TrustedInstaller:(F) NT SERVICE\TrustedInstaller:(CI)(IO)(F) NT AUTHORITY\SYSTEM:(M) NT AUTHORITY\SYSTEM:(OI)(CI)(IO)(F) BUILTIN\Administrators:(M) BUILTIN\Administrators:(OI)(CI)(IO)(F) BUILTIN\Users:(RX) BUILTIN\Users:(OI)(CI)(IO)(GR,GE) CREATOR OWNER:(OI)(CI)(IO)(F) APPLICATION PACKAGE AUTHORITY\ALL APPLICATION PACKAGES:(RX) APPLICATION PACKAGE AUTHORITY\ALL APPLICATION PACKAGES:(OI)(CI)(IO)(GR,GE) APPLICATION PACKAGE AUTHORITY\ALL RESTRICTED APPLICATION PACKAGES:(RX) APPLICATION PACKAGE AUTHORITY\ALL RESTRICTED APPLICATION PACKAGES:(OI)(CI)(IO)(GR,GE) Successfully processed 1 files; Failed processing 0 files c:\windows NT SERVICE\TrustedInstaller:(F) NT SERVICE\TrustedInstaller:(CI)(IO)(F) NT AUTHORITY\SYSTEM:(M) NT AUTHORITY\SYSTEM:(OI)(CI)(IO)(F) BUILTIN\Administrators:(M) BUILTIN\Administrators:(OI)(CI)(IO)(F) BUILTIN\Users:(RX) BUILTIN\Users:(OI)(CI)(IO)(GR,GE) CREATOR OWNER:(OI)(CI)(IO)(F) APPLICATION PACKAGE AUTHORITY\ALL APPLICATION PACKAGES:(RX) APPLICATION PACKAGE AUTHORITY\ALL APPLICATION PACKAGES:(OI)(CI)(IO)(GR,GE) APPLICATION PACKAGE AUTHORITY\ALL RESTRICTED APPLICATION PACKAGES:(RX) APPLICATION PACKAGE AUTHORITY\ALL RESTRICTED APPLICATION PACKAGES:(OI)(CI)(IO)(GR,GE) Successfully processed 1 files; Failed processing 0 files | P22: Maintain the default file system permissions and configure the Security Option: "Network access: Let everyone permissions apply to anonymous users" to "Disabled" (WN10-SO-000160). | S22: FALSE | Z22: M | AA22: Unclass | AB22: Windows 10 Security Technical Implementation Guide :: Version 2, Release: 2 Benchmark Date: 04 May 2021 | AC22: Not Reviewed | AH22: CCI-002165 The information system enforces organization-defined discretionary access control policies over defined subjects and objects. NIST SP 800-53 Revision 4 :: AC-3 (4) | AJ22: AC-3 (4) | AK22: V-63373; SV-77863 | AL22: V-63373 | AM22: SV-77863 | AN22: =VLOOKUP(AL22,'old modules'!A:A,1,FALSE) -> #N/A
A23: V-63377 | G23: V-220718 | H23: high | I23: SRG-OS-000095-GPOS-00049 | J23: SV-220718r569187_rule | K23: WN10-00-000100 | L23: Internet Information System (IIS) or its subcomponents must not be installed on a workstation. | M23: Installation of Internet Information System (IIS) may allow unauthorized internet services to be hosted. Websites must only be hosted on servers that have been designed for that purpose and can be adequately secured. | O23: IIS is not installed by default. Verify it has not been installed on the system. Run "Programs and Features". Select "Turn Windows features on or off". If the entries for "Internet Information Services" or "Internet Information Services Hostable Web Core" are selected, this is a finding. If an application requires IIS or a subset to be installed to function, this needs be documented with the ISSO. In addition, any applicable requirements from the IIS STIG must be addressed. | P23: Uninstall "Internet Information Services" or "Internet Information Services Hostable Web Core" from the system. | S23: FALSE | Z23: M | AA23: Unclass | AB23: Windows 10 Security Technical Implementation Guide :: Version 2, Release: 2 Benchmark Date: 04 May 2021 | AC23: Not Reviewed | AH23: CCI-000381 The organization configures the information system to provide only essential capabilities. NIST SP 800-53 :: CM-7 NIST SP 800-53A :: CM-7.1 (ii) NIST SP 800-53 Revision 4 :: CM-7 a | AJ23: CM-7 a | AK23: V-63377; SV-77867 | AL23: V-63377 | AM23: SV-77867 | AN23: =VLOOKUP(AL23,'old modules'!A:A,1,FALSE) -> #N/A
A24: V-63381 | G24: V-220719 | H24: medium | I24: SRG-OS-000096-GPOS-00050 | J24: SV-220719r569187_rule | K24: WN10-00-000105 | L24: Simple Network Management Protocol (SNMP) must not be installed on the system. | M24: Some protocols and services do not support required security features, such as encrypting passwords or traffic. | O24: "SNMP" is not installed by default. Verify it has not been installed. Navigate to the Windows\System32 directory. If the "SNMP" application exists, this is a finding. | P24: Uninstall "Simple Network Management Protocol (SNMP)" from the system. Run "Programs and Features". Select "Turn Windows Features on or off". De-select "Simple Network Management Protocol (SNMP)". | S24: FALSE | Z24: M | AA24: Unclass | AB24: Windows 10 Security Technical Implementation Guide :: Version 2, Release: 2 Benchmark Date: 04 May 2021 | AC24: Not Reviewed | AH24: CCI-000382 The organization configures the information system to prohibit or restrict the use of organization defined functions, ports, protocols, and/or services. NIST SP 800-53 :: CM-7 NIST SP 800-53A :: CM-7.1 (iii) NIST SP 800-53 Revision 4 :: CM-7 b | AJ24: CM-7 b | AK24: V-63381; SV-77871 | AL24: V-63381 | AM24: SV-77871 | AN24: =VLOOKUP(AL24,'old modules'!A:A,1,FALSE) -> #N/A
A25: V-63383 | G25: V-220720 | H25: medium | I25: SRG-OS-000095-GPOS-00049 | J25: SV-220720r569187_rule | K25: WN10-00-000110 | L25: Simple TCP/IP Services must not be installed on the system. | M25: Some protocols and services do not support required security features, such as encrypting passwords or traffic. | O25: "Simple TCP/IP Services" is not installed by default. Verify it has not been installed. Run "Services.msc". If "Simple TCP/IP Services" is listed, this is a finding. | P25: Uninstall "Simple TCPIP Services (i.e. echo, daytime etc)" from the system. Run "Programs and Features". Select "Turn Windows Features on or off". De-select "Simple TCPIP Services (i.e. echo, daytime etc)". | S25: FALSE | Z25: M | AA25: Unclass | AB25: Windows 10 Security Technical Implementation Guide :: Version 2, Release: 2 Benchmark Date: 04 May 2021 | AC25: Not Reviewed | AH25: CCI-000381 The organization configures the information system to provide only essential capabilities. NIST SP 800-53 :: CM-7 NIST SP 800-53A :: CM-7.1 (ii) NIST SP 800-53 Revision 4 :: CM-7 a | AJ25: CM-7 a | AK25: V-63383; SV-77873 | AL25: V-63383 | AM25: SV-77873 | AN25: =VLOOKUP(AL25,'old modules'!A:A,1,FALSE) -> #N/A
A26: V-63385 | G26: V-220721 | H26: medium | I26: SRG-OS-000096-GPOS-00050 | J26: SV-220721r569187_rule | K26: WN10-00-000115 | L26: The Telnet Client must not be installed on the system. | M26: Some protocols and services do not support required security features, such as encrypting passwords or traffic. | O26: The "Telnet Client" is not installed by default. Verify it has not been installed. Navigate to the Windows\System32 directory. If the "telnet" application exists, this is a finding. | P26: Uninstall "Telnet Client" from the system. Run "Programs and Features". Select "Turn Windows Features on or off". De-select "Telnet Client". | S26: FALSE | Z26: M | AA26: Unclass | AB26: Windows 10 Security Technical Implementation Guide :: Version 2, Release: 2 Benchmark Date: 04 May 2021 | AC26: Not Reviewed | AH26: CCI-000382 The organization configures the information system to prohibit or restrict the use of organization defined functions, ports, protocols, and/or services. NIST SP 800-53 :: CM-7 NIST SP 800-53A :: CM-7.1 (iii) NIST SP 800-53 Revision 4 :: CM-7 b | AJ26: CM-7 b | AK26: V-63385; SV-77875 | AL26: V-63385 | AM26: SV-77875 | AN26: =VLOOKUP(AL26,'old modules'!A:A,1,FALSE) -> #N/A
A27: V-63389 | G27: V-220722 | H27: medium | I27: SRG-OS-000096-GPOS-00050 | J27: SV-220722r569187_rule | K27: WN10-00-000120 | L27: The TFTP Client must not be installed on the system. | M27: Some protocols and services do not support required security features, such as encrypting passwords or traffic. | O27: The "TFTP Client" is not installed by default. Verify it has not been installed. Navigate to the Windows\System32 directory. If the "TFTP" application exists, this is a finding. | P27: Uninstall "TFTP Client" from the system. Run "Programs and Features". Select "Turn Windows Features on or off". De-select "TFTP Client". | S27: FALSE | Z27: M | AA27: Unclass | AB27: Windows 10 Security Technical Implementation Guide :: Version 2, Release: 2 Benchmark Date: 04 May 2021 | AC27: Not Reviewed | AH27: CCI-000382 The organization configures the information system to prohibit or restrict the use of organization defined functions, ports, protocols, and/or services. NIST SP 800-53 :: CM-7 NIST SP 800-53A :: CM-7.1 (iii) NIST SP 800-53 Revision 4 :: CM-7 b | AJ27: CM-7 b | AK27: V-63389; SV-77879 | AL27: V-63389 | AM27: SV-77879 | AN27: =VLOOKUP(AL27,'old modules'!A:A,1,FALSE) -> #N/A
A28: V-63399 | B28: =(SUBSTITUTE(G28,"V-","")) -> 220724 | G28: V-220724 | H28: medium | I28: SRG-OS-000480-GPOS-00227 | J28: SV-220724r569187_rule | K28: WN10-00-000135 | L28: A host-based firewall must be installed and enabled on the system. | M28: A firewall provides a line of defense against attack, allowing or blocking inbound and outbound connections based on a set of rules. | O28: Determine if a host-based firewall is installed and enabled on the system. If a host-based firewall is not installed and enabled on the system, this is a finding. The configuration requirements will be determined by the applicable firewall STIG. | P28: Install and enable a host-based firewall on the system. | S28: FALSE | Z28: M | AA28: Unclass | AB28: Windows 10 Security Technical Implementation Guide :: Version 2, Release: 2 Benchmark Date: 04 May 2021 | AC28: Not Reviewed | AH28: CCI-000366 The organization implements the security configuration settings. NIST SP 800-53 :: CM-6 b NIST SP 800-53A :: CM-6.1 (iv) NIST SP 800-53 Revision 4 :: CM-6 b | AJ28: CM-6 b | AK28: V-63399; SV-77889 | AL28: V-63399 | AM28: SV-77889 | AN28: =VLOOKUP(AL28,'old modules'!A:A,1,FALSE) -> V-63399
A29: V-63545 | B29: =(SUBSTITUTE(G29,"V-","")) -> 220792 | G29: V-220792 | H29: medium | I29: SRG-OS-000095-GPOS-00049 | J29: SV-220792r569187_rule | K29: WN10-CC-000005 | L29: Camera access from the lock screen must be disabled. | M29: Enabling camera access from the lock screen could allow for unauthorized use. Requiring logon will ensure the device is only used by authorized personnel. | O29: If the device does not have a camera, this is NA. If the following registry value does not exist or is not configured as specified, this is a finding. Registry Hive: HKEY_LOCAL_MACHINE Registry Path: \SOFTWARE\Policies\Microsoft\Windows\Personalization\ Value Name: NoLockScreenCamera Value Type: REG_DWORD Value: 1 | P29: If the device does not have a camera, this is NA. Configure the policy value for Computer Configuration >> Administrative Templates >> Control Panel >> Personalization >> "Prevent enabling lock screen camera" to "Enabled". | S29: FALSE | Z29: M | AA29: Unclass | AB29: Windows 10 Security Technical Implementation Guide :: Version 2, Release: 2 Benchmark Date: 04 May 2021 | AC29: Not Reviewed | AH29: CCI-000381 The organization configures the information system to provide only essential capabilities. NIST SP 800-53 :: CM-7 NIST SP 800-53A :: CM-7.1 (ii) NIST SP 800-53 Revision 4 :: CM-7 a | AJ29: CM-7 a | AK29: V-63545; SV-78035 | AL29: V-63545 | AM29: SV-78035 | AN29: =VLOOKUP(AL29,'old modules'!A:A,1,FALSE) -> V-63545
A30: V-63403 | G30: V-220725 | H30: medium | I30: SRG-OS-000480-GPOS-00227 | J30: SV-220725r569187_rule | K30: WN10-00-000140 | L30: Inbound exceptions to the firewall on Windows 10 domain workstations must only allow authorized remote management hosts. | M30: Allowing inbound access to domain workstations from other systems may allow lateral movement across systems if credentials are compromised. Limiting inbound connections only from authorized remote management systems will help limit this exposure. | O30: Verify firewall exceptions to inbound connections on domain workstations include only authorized remote management hosts. If allowed inbound exceptions are not limited to authorized remote management hosts, this is a finding. Review inbound firewall exceptions. Computer Configuration >> Windows Settings >> Security Settings >> Windows Defender Firewall with Advanced Security >> Windows Defender Firewall with Advanced Security >> Inbound Rules (this link will be in the right pane) For any inbound rules that allow connections view the Scope for Remote IP address. This may be defined as an IP address, subnet, or range. The rule must apply to all firewall profiles. If a third-party firewall is used, ensure comparable settings are in place. | P30: Configure firewall exceptions to inbound connections on domain workstations to include only authorized remote management hosts. Configure only inbound connection exceptions for authorized remote management hosts. Computer Configuration >> Windows Settings >> Security Settings >> Windows Defender Firewall with Advanced Security >> Windows Defender Firewall with Advanced Security >> Inbound Rules (this link will be in the right pane) For any inbound rules that allow connections, configure the Scope for Remote IP address to those of authorized remote management hosts. This may be defined as an IP address, subnet or range. Apply the rule to all firewall profiles. If a third-party firewall is used, configure inbound exceptions to only include authorized remote management hosts. | S30: FALSE | Z30: M | AA30: Unclass | AB30: Windows 10 Security Technical Implementation Guide :: Version 2, Release: 2 Benchmark Date: 04 May 2021 | AC30: Not Reviewed | AH30: CCI-000366 The organization implements the security configuration settings. NIST SP 800-53 :: CM-6 b NIST SP 800-53A :: CM-6.1 (iv) NIST SP 800-53 Revision 4 :: CM-6 b | AJ30: CM-6 b | AK30: V-63403; SV-77893 | AL30: V-63403 | AM30: SV-77893 | AN30: =VLOOKUP(AL30,'old modules'!A:A,1,FALSE) -> #N/A
A31: V-63587 | B31: =(SUBSTITUTE(G31,"V-","")) -> 220905 | G31: V-220905 | H31: medium | I31: SRG-OS-000066-GPOS-00034 | J31: SV-220905r569314_rule | K31: WN10-PK-000015 | L31: The DoD Interoperability Root CA cross-certificates must be installed in the Untrusted Certificates Store on unclassified systems. | M31: To ensure users do not experience denial of service when performing certificate-based authentication to DoD websites due to the system chaining to a root other than DoD Root CAs, the DoD Interoperability Root CA cross-certificates must be installed in the Untrusted Certificate Store. This requirement only applies to unclassified systems. | O31: Verify the DoD Interoperability cross-certificates are installed on unclassified systems as Untrusted Certificates. Run "PowerShell" as an administrator. Execute the following command: Get-ChildItem -Path Cert:Localmachine\disallowed | Where {$_.Issuer -Like "*DoD Interoperability*" -and $_.Subject -Like "*DoD*"} | FL Subject, Issuer, Thumbprint, NotAfter If the following certificate "Subject", "Issuer", and "Thumbprint", information is not displayed, this is a finding. Subject: CN=DoD Root CA 3, OU=PKI, OU=DoD, O=U.S. Government, C=US Issuer: CN=DoD Interoperability Root CA 2, OU=PKI, OU=DoD, O=U.S. Government, C=US Thumbprint: AC06108CA348CC03B53795C64BF84403C1DBD341 NotAfter: 1/22/2022 Subject: CN=DoD Root CA 2, OU=PKI, OU=DoD, O=U.S. Government, C=US Issuer: CN=DoD Interoperability Root CA 1, OU=PKI, OU=DoD, O=U.S. Government, C=US Thumbprint: A8C27332CCB4CA49554CE55D34062A7DD2850C02 NotAfter: 8/26/2022 Alternately use the Certificates MMC snap-in: Run "MMC". Select "File", "Add/Remove Snap-in". Select "Certificates", click "Add". Select "Computer account", click "Next". Select "Local computer: (the computer this console is running on)", click "Finish". Click "OK". Expand "Certificates" and navigate to "Untrusted Certificates >> Certificates". For each certificate with "DoD Root CAâ€¦" under "Issued To" and "DoD Interoperability Root CAâ€¦" under "Issued By": Right-click on the certificate and select "Open". Select the "Details" Tab. Scroll to the bottom and select "Thumbprint". If the certificates below are not listed or the value for the "Thumbprint" field is not as noted, this is a finding. Issued To: DoD Root CA 2 Issued By: DoD Interoperability Root CA 1 Thumbprint: A8C27332CCB4CA49554CE55D34062A7DD2850C02 Valid to: Friday, August 26, 2022 Issued To: DoD Root CA 3 Issued By: DoD Interoperability Root CA 2 Thumbprint: AC06108CA348CC03B53795C64BF84403C1DBD341 Valid to: Saturday, January 22, 2022 | P31: Install the DoD Interoperability Root CA cross-certificates on unclassified systems. Issued To - Issued By - Thumbprint DoD Root CA 2 - DoD Interoperability Root CA 1 - A8C27332CCB4CA49554CE55D34062A7DD2850C02 DoD Root CA 3 - DoD Interoperability Root CA 2 - AC06108CA348CC03B53795C64BF84403C1DBD341 The certificates can be installed using the InstallRoot tool. The tool and user guide are available on Cyber Exchange at https://cyber.mil/pki-pke/tools-configuration-files. | S31: FALSE | Z31: M | AA31: Unclass | AB31: Windows 10 Security Technical Implementation Guide :: Version 2, Release: 2 Benchmark Date: 04 May 2021 | AC31: Not Reviewed | AH31: CCI-000185 The information system, for PKI-based authentication validates certifications by constructing and verifying a certification path to an accepted trust anchor including checking certificate status information. NIST SP 800-53 :: IA-5 (2) NIST SP 800-53A :: IA-5 (2).1 NIST SP 800-53 Revision 4 :: IA-5 (2) (a) CCI-002470 The information system only allows the use of organization-defined certificate authorities for verification of the establishment of protected sessions. NIST SP 800-53 Revision 4 :: SC-23 (5) | AJ31: IA-5 (2) (a);SC-23 (5) | AK31: V-63587; SV-78077 | AL31: V-63587 | AM31: SV-78077 | AN31: =VLOOKUP(AL31,'old modules'!A:A,1,FALSE) -> V-63587
A32: V-68849 | G32: V-220727 | H32: high | I32: SRG-OS-000433-GPOS-00192 | J32: SV-220727r569187_rule | K32: WN10-00-000150 | L32: Structured Exception Handling Overwrite Protection (SEHOP) must be enabled. | M32: Attackers are constantly looking for vulnerabilities in systems and applications. Structured Exception Handling Overwrite Protection (SEHOP) blocks exploits that use the Structured Exception Handling overwrite technique, a common buffer overflow attack. | O32: This is applicable to Windows 10 prior to v1709. Verify SEHOP is turned on. If the following registry value does not exist or is not configured as specified, this is a finding. Registry Hive: HKEY_LOCAL_MACHINE Registry Path: \SYSTEM\CurrentControlSet\Control\Session Manager\kernel\ Value Name: DisableExceptionChainValidation Value Type: REG_DWORD Value: 0x00000000 (0) | P32: Configure the policy value for Computer Configuration >> Administrative Templates >> MS Security Guide >> "Enable Structured Exception Handling Overwrite Protection (SEHOP)" to "Enabled". This policy setting requires the installation of the SecGuide custom templates included with the STIG package. "SecGuide.admx" and "SecGuide.adml" must be copied to the \Windows\PolicyDefinitions and \Windows\PolicyDefinitions\en-US directories respectively. | S32: FALSE | Z32: M | AA32: Unclass | AB32: Windows 10 Security Technical Implementation Guide :: Version 2, Release: 2 Benchmark Date: 04 May 2021 | AC32: Not Reviewed | AH32: CCI-002824 The information system implements organization-defined security safeguards to protect its memory from unauthorized code execution. NIST SP 800-53 Revision 4 :: SI-16 | AJ32: SI-16 | AK32: V-68849; SV-83445 | AL32: V-68849 | AM32: SV-83445 | AN32: =VLOOKUP(AL32,'old modules'!A:A,1,FALSE) -> #N/A
A33: V-70637 | G33: V-220728 | H33: medium | I33: SRG-OS-000095-GPOS-00049 | J33: SV-220728r569187_rule | K33: WN10-00-000155 | L33: The Windows PowerShell 2.0 feature must be disabled on the system. | M33: Windows PowerShell 5.0 added advanced logging features which can provide additional detail when malware has been run on a system. Disabling the Windows PowerShell 2.0 mitigates against a downgrade attack that evades the Windows PowerShell 5.0 script block logging feature. | O33: Run "Windows PowerShell" with elevated privileges (run as administrator). Enter the following: Get-WindowsOptionalFeature -Online | Where FeatureName -like *PowerShellv2* If either of the following have a "State" of "Enabled", this is a finding. FeatureName : MicrosoftWindowsPowerShellV2 State : Enabled FeatureName : MicrosoftWindowsPowerShellV2Root State : Enabled Alternately: Search for "Features". Select "Turn Windows features on or off". If "Windows PowerShell 2.0" (whether the subcategory of "Windows PowerShell 2.0 Engine" is selected or not) is selected, this is a finding. | P33: Disable "Windows PowerShell 2.0" on the system. Run "Windows PowerShell" with elevated privileges (run as administrator). Enter the following: Disable-WindowsOptionalFeature -Online -FeatureName MicrosoftWindowsPowerShellV2Root This command should disable both "MicrosoftWindowsPowerShellV2Root" and "MicrosoftWindowsPowerShellV2" which correspond to "Windows PowerShell 2.0" and "Windows PowerShell 2.0 Engine" respectively in "Turn Windows features on or off". Alternately: Search for "Features". Select "Turn Windows features on or off". De-select "Windows PowerShell 2.0". | S33: FALSE | Z33: M | AA33: Unclass | AB33: Windows 10 Security Technical Implementation Guide :: Version 2, Release: 2 Benchmark Date: 04 May 2021 | AC33: Not Reviewed | AH33: CCI-000381 The organization configures the information system to provide only essential capabilities. NIST SP 800-53 :: CM-7 NIST SP 800-53A :: CM-7.1 (ii) NIST SP 800-53 Revision 4 :: CM-7 a | AJ33: CM-7 a | AK33: V-70637; SV-85259 | AL33: V-70637 | AM33: SV-85259 | AN33: =VLOOKUP(AL33,'old modules'!A:A,1,FALSE) -> #N/A
A34: V-70639 | G34: V-220729 | H34: medium | I34: SRG-OS-000095-GPOS-00049 | J34: SV-220729r569187_rule | K34: WN10-00-000160 | L34: The Server Message Block (SMB) v1 protocol must be disabled on the system. | M34: SMBv1 is a legacy protocol that uses the MD5 algorithm as part of SMB. MD5 is known to be vulnerable to a number of attacks such as collision and preimage attacks as well as not being FIPS compliant. Disabling SMBv1 support may prevent access to file or print sharing resources with systems or devices that only support SMBv1. File shares and print services hosted on Windows Server 2003 are an example, however Windows Server 2003 is no longer a supported operating system. Some older Network Attached Storage (NAS) devices may only support SMBv1. | O34: Different methods are available to disable SMBv1 on Windows 10. This is the preferred method, however if V-74723 and V-74725 are configured, this is NA. Run "Windows PowerShell" with elevated privileges (run as administrator). Enter the following: Get-WindowsOptionalFeature -Online | Where FeatureName -eq SMB1Protocol If "State : Enabled" is returned, this is a finding. Alternately: Search for "Features". Select "Turn Windows features on or off". If "SMB 1.0/CIFS File Sharing Support" is selected, this is a finding. | P34: Disable the SMBv1 protocol. Run "Windows PowerShell" with elevated privileges (run as administrator). Enter the following: Disable-WindowsOptionalFeature -Online -FeatureName SMB1Protocol Alternately: Search for "Features". Select "Turn Windows features on or off". De-select "SMB 1.0/CIFS File Sharing Support". | S34: FALSE | Z34: M | AA34: Unclass | AB34: Windows 10 Security Technical Implementation Guide :: Version 2, Release: 2 Benchmark Date: 04 May 2021 | AC34: Not Reviewed | AH34: CCI-000381 The organization configures the information system to provide only essential capabilities. NIST SP 800-53 :: CM-7 NIST SP 800-53A :: CM-7.1 (ii) NIST SP 800-53 Revision 4 :: CM-7 a | AJ34: CM-7 a | AK34: V-70639; SV-85261 | AL34: V-70639 | AM34: SV-85261 | AN34: =VLOOKUP(AL34,'old modules'!A:A,1,FALSE) -> #N/A
A35: V-74723 | G35: V-220730 | H35: medium | I35: SRG-OS-000095-GPOS-00049 | J35: SV-220730r569187_rule | K35: WN10-00-000165 | L35: The Server Message Block (SMB) v1 protocol must be disabled on the SMB server. | M35: SMBv1 is a legacy protocol that uses the MD5 algorithm as part of SMB. MD5 is known to be vulnerable to a number of attacks such as collision and preimage attacks as well as not being FIPS compliant. Disabling SMBv1 support may prevent access to file or print sharing resources with systems or devices that only support SMBv1. File shares and print services hosted on Windows Server 2003 are an example, however Windows Server 2003 is no longer a supported operating system. Some older network attached devices may only support SMBv1. | O35: Different methods are available to disable SMBv1 on Windows 10, if V-70639 is configured, this is NA. If the following registry value does not exist or is not configured as specified, this is a finding: Registry Hive: HKEY_LOCAL_MACHINE Registry Path: \SYSTEM\CurrentControlSet\Services\LanmanServer\Parameters\ Value Name: SMB1 Type: REG_DWORD Value: 0x00000000 (0) | P35: Configure the policy value for Computer Configuration >> Administrative Templates >> MS Security Guide >> "Configure SMBv1 Server" to "Disabled". This policy setting requires the installation of the SecGuide custom templates included with the STIG package. "SecGuide.admx" and "SecGuide.adml" must be copied to the \Windows\PolicyDefinitions and \Windows\PolicyDefinitions\en-US directories respectively. The system must be restarted for the change to take effect. | S35: FALSE | Z35: M | AA35: Unclass | AB35: Windows 10 Security Technical Implementation Guide :: Version 2, Release: 2 Benchmark Date: 04 May 2021 | AC35: Not Reviewed | AH35: CCI-000381 The organization configures the information system to provide only essential capabilities. NIST SP 800-53 :: CM-7 NIST SP 800-53A :: CM-7.1 (ii) NIST SP 800-53 Revision 4 :: CM-7 a | AJ35: CM-7 a | AK35: V-74723; SV-89397 | AL35: V-74723 | AM35: SV-89397 | AN35: =VLOOKUP(AL35,'old modules'!A:A,1,FALSE) -> #N/A
A36: V-74725 | G36: V-220731 | H36: medium | I36: SRG-OS-000095-GPOS-00049 | J36: SV-220731r569187_rule | K36: WN10-00-000170 | L36: The Server Message Block (SMB) v1 protocol must be disabled on the SMB client. | M36: SMBv1 is a legacy protocol that uses the MD5 algorithm as part of SMB. MD5 is known to be vulnerable to a number of attacks such as collision and preimage attacks as well as not being FIPS compliant. Disabling SMBv1 support may prevent access to file or print sharing resources with systems or devices that only support SMBv1. File shares and print services hosted on Windows Server 2003 are an example, however Windows Server 2003 is no longer a supported operating system. Some older network attached devices may only support SMBv1. | O36: Different methods are available to disable SMBv1 on Windows 10, if V-70639 is configured, this is NA. If the following registry value is not configured as specified, this is a finding: Registry Hive: HKEY_LOCAL_MACHINE Registry Path: \SYSTEM\CurrentControlSet\Services\mrxsmb10\ Value Name: Start Type: REG_DWORD Value: 0x00000004 (4) | P36: Configure the policy value for Computer Configuration >> Administrative Templates >> MS Security Guide >> "Configure SMBv1 client driver" to "Enabled" with "Disable driver (recommended)" selected for "Configure MrxSmb10 driver". This policy setting requires the installation of the SecGuide custom templates included with the STIG package. "SecGuide.admx" and "SecGuide.adml" must be copied to the \Windows\PolicyDefinitions and \Windows\PolicyDefinitions\en-US directories respectively. The system must be restarted for the changes to take effect. | S36: FALSE | Z36: M | AA36: Unclass | AB36: Windows 10 Security Technical Implementation Guide :: Version 2, Release: 2 Benchmark Date: 04 May 2021 | AC36: Not Reviewed | AH36: CCI-000381 The organization configures the information system to provide only essential capabilities. NIST SP 800-53 :: CM-7 NIST SP 800-53A :: CM-7.1 (ii) NIST SP 800-53 Revision 4 :: CM-7 a | AJ36: CM-7 a | AK36: V-74725; SV-89399 | AL36: V-74725 | AM36: SV-89399 | AN36: =VLOOKUP(AL36,'old modules'!A:A,1,FALSE) -> #N/A
A37: V-74719 | G37: V-220732 | H37: medium | I37: SRG-OS-000095-GPOS-00049 | J37: SV-220732r569187_rule | K37: WN10-00-000175 | L37: The Secondary Logon service must be disabled on Windows 10. | M37: The Secondary Logon service provides a means for entering alternate credentials, typically used to run commands with elevated privileges. Using privileged credentials in a standard user session can expose those credentials to theft. | O37: Run "Services.msc". Locate the "Secondary Logon" service. If the "Startup Type" is not "Disabled" or the "Status" is "Running", this is a finding. | P37: Configure the "Secondary Logon" service "Startup Type" to "Disabled". | S37: FALSE | Z37: M | AA37: Unclass | AB37: Windows 10 Security Technical Implementation Guide :: Version 2, Release: 2 Benchmark Date: 04 May 2021 | AC37: Not Reviewed | AH37: CCI-000381 The organization configures the information system to provide only essential capabilities. NIST SP 800-53 :: CM-7 NIST SP 800-53A :: CM-7.1 (ii) NIST SP 800-53 Revision 4 :: CM-7 a | AJ37: CM-7 a | AK37: V-74719; SV-89393 | AL37: V-74719 | AM37: SV-89393 | AN37: =VLOOKUP(AL37,'old modules'!A:A,1,FALSE) -> #N/A
A38: V-63595 | B38: =(SUBSTITUTE(G38,"V-","")) -> 220811 | G38: V-220811 | H38: low | I38: SRG-OS-000480-GPOS-00227 | J38: SV-220811r569187_rule | K38: WN10-CC-000070 | L38: Virtualization Based Security must be enabled on Windows 10 with the platform security level configured to Secure Boot or Secure Boot with DMA Protection. | M38: Virtualization Based Security (VBS) provides the platform for the additional security features, Credential Guard and Virtualization based protection of code integrity. Secure Boot is the minimum security level with DMA protection providing additional memory protection. DMA Protection requires a CPU that supports input/output memory management unit (IOMMU). | O38: Confirm Virtualization Based Security is enabled and running with Secure Boot or Secure Boot and DMA Protection. For those devices that support virtualization based security (VBS) features, including Credential Guard or protection of code integrity, this must be enabled. If the system meets the hardware and firmware dependencies for enabling VBS but it is not enabled, this is a CAT III finding. Virtualization based security, including Credential Guard, currently cannot be implemented in virtual desktop implementations (VDI) due to specific supporting requirements including a TPM, UEFI with Secure Boot, and the capability to run the Hyper-V feature within the virtual desktop. For VDIs where the virtual desktop instance is deleted or refreshed upon logoff, this is NA. Run "PowerShell" with elevated privileges (run as administrator). Enter the following: "Get-CimInstance -ClassName Win32_DeviceGuard -Namespace root\Microsoft\Windows\DeviceGuard" If "RequiredSecurityProperties" does not include a value of "2" indicating "Secure Boot" (e.g., "{1, 2}"), this is a finding. If "Secure Boot and DMA Protection" is configured, "3" will also be displayed in the results (e.g., "{1, 2, 3}"). If "VirtualizationBasedSecurityStatus" is not a value of "2" indicating "Running", this is a finding. Alternately: Run "System Information". Under "System Summary", verify the following: If "Device Guard Virtualization based security" does not display "Running", this is finding. If "Device Guard Required Security Properties" does not display "Base Virtualization Support, Secure Boot", this is finding. If "Secure Boot and DMA Protection" is configured, "DMA Protection" will also be displayed (e.g., "Base Virtualization Support, Secure Boot, DMA Protection"). The policy settings referenced in the Fix section will configure the following registry values. However due to hardware requirements, the registry values alone do not ensure proper function. Registry Hive: HKEY_LOCAL_MACHINE Registry Path: \SOFTWARE\Policies\Microsoft\Windows\DeviceGuard\ Value Name: EnableVirtualizationBasedSecurity Value Type: REG_DWORD Value: 1 Value Name: RequirePlatformSecurityFeatures Value Type: REG_DWORD Value: 1 (Secure Boot only) or 3 (Secure Boot and DMA Protection) A Microsoft article on Credential Guard system requirement can be found at the following link: https://technet.microsoft.com/en-us/itpro/windows/keep-secure/credential-guard-requirements NOTE: The severity level for the requirement will be upgraded to CAT II starting January 2020. | P38: Virtualization based security, including Credential Guard, currently cannot be implemented in virtual desktop implementations (VDI) due to specific supporting requirements including a TPM, UEFI with Secure Boot, and the capability to run the Hyper-V feature within the virtual desktop. For VDIs where the virtual desktop instance is deleted or refreshed upon logoff, this is NA. Configure the policy value for Computer Configuration >> Administrative Templates >> System >> Device Guard >> "Turn On Virtualization Based Security" to "Enabled" with "Secure Boot" or "Secure Boot and DMA Protection" selected for "Select Platform Security Level:". A Microsoft article on Credential Guard system requirement can be found at the following link. https://technet.microsoft.com/en-us/itpro/windows/keep-secure/credential-guard-requirements | S38: FALSE | Z38: M | AA38: Unclass | AB38: Windows 10 Security Technical Implementation Guide :: Version 2, Release: 2 Benchmark Date: 04 May 2021 | AC38: Not Reviewed | AH38: CCI-000366 The organization implements the security configuration settings. NIST SP 800-53 :: CM-6 b NIST SP 800-53A :: CM-6.1 (iv) NIST SP 800-53 Revision 4 :: CM-6 b | AJ38: CM-6 b | AK38: V-63595; SV-78085 | AL38: V-63595 | AM38: SV-78085 | AN38: =VLOOKUP(AL38,'old modules'!A:A,1,FALSE) -> V-63595
A39: V-72765 | G39: V-220734 | H39: medium | I39: SRG-OS-000095-GPOS-00049 | J39: SV-220734r569187_rule | K39: WN10-00-000210 | L39: Bluetooth must be turned off unless approved by the organization. | M39: If not configured properly, Bluetooth may allow rogue devices to communicate with a system. If a rogue device is paired with a system, there is potential for sensitive information to be compromised. | O39: This is NA if the system does not have Bluetooth. Verify the Bluetooth radio is turned off unless approved by the organization. If it is not, this is a finding. Approval must be documented with the ISSO. | P39: Turn off Bluetooth radios not organizationally approved. Establish an organizational policy for the use of Bluetooth. | S39: FALSE | Z39: M | AA39: Unclass | AB39: Windows 10 Security Technical Implementation Guide :: Version 2, Release: 2 Benchmark Date: 04 May 2021 | AC39: Not Reviewed | AH39: CCI-000381 The organization configures the information system to provide only essential capabilities. NIST SP 800-53 :: CM-7 NIST SP 800-53A :: CM-7.1 (ii) NIST SP 800-53 Revision 4 :: CM-7 a | AJ39: CM-7 a | AK39: V-72765; SV-87403 | AL39: V-72765 | AM39: SV-87403 | AN39: =VLOOKUP(AL39,'old modules'!A:A,1,FALSE) -> #N/A
A40: V-72767 | G40: V-220735 | H40: medium | I40: SRG-OS-000095-GPOS-00049 | J40: SV-220735r569187_rule | K40: WN10-00-000220 | L40: Bluetooth must be turned off when not in use. | M40: If not configured properly, Bluetooth may allow rogue devices to communicate with a system. If a rogue device is paired with a system, there is potential for sensitive information to be compromised. | O40: This is NA if the system does not have Bluetooth. Verify the organization has a policy to turn off Bluetooth when not in use and personnel are trained. If it does not, this is a finding. | P40: Turn off Bluetooth radios when not in use. Establish an organizational policy for the use of Bluetooth to include training of personnel. | S40: FALSE | Z40: M | AA40: Unclass | AB40: Windows 10 Security Technical Implementation Guide :: Version 2, Release: 2 Benchmark Date: 04 May 2021 | AC40: Not Reviewed | AH40: CCI-000381 The organization configures the information system to provide only essential capabilities. NIST SP 800-53 :: CM-7 NIST SP 800-53A :: CM-7.1 (ii) NIST SP 800-53 Revision 4 :: CM-7 a | AJ40: CM-7 a | AK40: V-72767; SV-87405 | AL40: V-72767 | AM40: SV-87405 | AN40: =VLOOKUP(AL40,'old modules'!A:A,1,FALSE) -> #N/A
A41: V-72769 | G41: V-220736 | H41: medium | I41: SRG-OS-000480-GPOS-00227 | J41: SV-220736r569187_rule | K41: WN10-00-000230 | L41: The system must notify the user when a Bluetooth device attempts to connect. | M41: If not configured properly, Bluetooth may allow rogue devices to communicate with a system. If a rogue device is paired with a system, there is potential for sensitive information to be compromised | O41: This is NA if the system does not have Bluetooth, or if Bluetooth is turned off per the organizations policy. Search for "Bluetooth". View Bluetooth Settings. Select "More Bluetooth Options" If "Alert me when a new Bluetooth device wants to connect" is not checked, this is a finding. | P41: Configure Bluetooth to notify users if devices attempt to connect. View Bluetooth Settings. Ensure "Alert me when a new Bluetooth device wants to connect" is checked. | S41: FALSE | Z41: M | AA41: Unclass | AB41: Windows 10 Security Technical Implementation Guide :: Version 2, Release: 2 Benchmark Date: 04 May 2021 | AC41: Not Reviewed | AH41: CCI-000366 The organization implements the security configuration settings. NIST SP 800-53 :: CM-6 b NIST SP 800-53A :: CM-6.1 (iv) NIST SP 800-53 Revision 4 :: CM-6 b | AJ41: CM-6 b | AK41: V-72769; SV-87407 | AL41: V-72769 | AM41: SV-87407 | AN41: =VLOOKUP(AL41,'old modules'!A:A,1,FALSE) -> #N/A
A42: V-78129 | G42: V-220737 | H42: high | I42: SRG-OS-000480-GPOS-00227 | J42: SV-220737r569187_rule | K42: WN10-00-000240 | L42: Administrative accounts must not be used with applications that access the Internet, such as web browsers, or with potential Internet sources, such as email. | M42: Using applications that access the Internet or have potential Internet sources using administrative privileges exposes a system to compromise. If a flaw in an application is exploited while running as a privileged user, the entire system could be compromised. Web browsers and email are common attack vectors for introducing malicious code and must not be run with an administrative account. Since administrative accounts may generally change or work around technical restrictions for running a web browser or other applications, it is essential that policy requires administrative accounts to not access the Internet or use applications, such as email. The policy should define specific exceptions for local service administration. These exceptions may include HTTP(S)-based tools that are used for the administration of the local system, services, or attached devices. Technical means such as application whitelisting can be used to enforce the policy to ensure compliance. | O42: Determine whether administrative accounts are prevented from using applications that access the Internet, such as web browsers, or with potential Internet sources, such as email, except as necessary for local service administration. The organization must have a policy that prohibits administrative accounts from using applications that access the Internet, such as web browsers, or with potential Internet sources, such as email, except as necessary for local service administration. The policy should define specific exceptions for local service administration. These exceptions may include HTTP(S)-based tools that are used for the administration of the local system, services, or attached devices. Technical measures such as the removal of applications or application whitelisting must be used where feasible to prevent the use of applications that access the Internet. If accounts with administrative privileges are not prevented from using applications that access the Internet or with potential Internet sources, this is a finding. | P42: Establish and enforce a policy that prohibits administrative accounts from using applications that access the Internet, such as web browsers, or with potential Internet sources, such as email. Define specific exceptions for local service administration. These exceptions may include HTTP(S)-based tools that are used for the administration of the local system, services, or attached devices. Implement technical measures where feasible such as removal of applications or use of application whitelisting to restrict the use of applications that can access the Internet. | S42: FALSE | Z42: M | AA42: Unclass | AB42: Windows 10 Security Technical Implementation Guide :: Version 2, Release: 2 Benchmark Date: 04 May 2021 | AC42: Not Reviewed | AH42: CCI-000366 The organization implements the security configuration settings. NIST SP 800-53 :: CM-6 b NIST SP 800-53A :: CM-6.1 (iv) NIST SP 800-53 Revision 4 :: CM-6 b | AJ42: CM-6 b | AK42: V-78129; SV-92835 | AL42: V-78129 | AM42: SV-92835 | AN42: =VLOOKUP(AL42,'old modules'!A:A,1,FALSE) -> #N/A
A43: V-102611 | G43: V-220738 | H43: medium | I43: SRG-OS-000185-GPOS-00079 | J43: SV-220738r569187_rule | K43: WN10-00-000250 | L43: Windows 10 non-persistent VM sessions should not exceed 24 hours. | M43: For virtual desktop implementations (VDIs) where the virtual desktop instance is deleted or refreshed upon logoff, the organization should enforce that sessions be terminated within 24 hours. This would ensure any data stored on the VM that is not encrypted or covered by Credential Guard is deleted. | O43: Ensure there is a documented policy or procedure in place that non-persistent VM sessions do not exceed 24 hours. If there is no such documented policy or procedure in place, this is a finding. | P43: Set non-persistent VM sessions to not exceed 24 hours. | S43: FALSE | Z43: M | AA43: Unclass | AB43: Windows 10 Security Technical Implementation Guide :: Version 2, Release: 2 Benchmark Date: 04 May 2021 | AC43: Not Reviewed | AH43: CCI-001199 The information system protects the confidentiality and/or integrity of organization-defined information at rest. NIST SP 800-53 :: SC-28 NIST SP 800-53A :: SC-28.1 NIST SP 800-53 Revision 4 :: SC-28 | AJ43: SC-28 | AK43: V-102611; SV-111557 | AL43: V-102611 | AM43: SV-111557 | AN43: =VLOOKUP(AL43,'old modules'!A:A,1,FALSE) -> #N/A
A44: V-63405 | G44: V-220739 | H44: medium | I44: SRG-OS-000329-GPOS-00128 | J44: SV-220739r569187_rule | K44: WN10-AC-000005 | L44: Windows 10 account lockout duration must be configured to 15 minutes or greater. | M44: The account lockout feature, when enabled, prevents brute-force password attacks on the system. This parameter specifies the amount of time that an account will remain locked after the specified number of failed logon attempts. | O44: Verify the effective setting in Local Group Policy Editor. Run "gpedit.msc". Navigate to Local Computer Policy >> Computer Configuration >> Windows Settings >> Security Settings >> Account Policies >> Account Lockout Policy. If the "Account lockout duration" is less than "15" minutes (excluding "0"), this is a finding. Configuring this to "0", requiring an administrator to unlock the account, is more restrictive and is not a finding. | P44: Configure the policy value for Computer Configuration >> Windows Settings >> Security Settings >> Account Policies >> Account Lockout Policy >> "Account lockout duration" to "15" minutes or greater. A value of "0" is also acceptable, requiring an administrator to unlock the account. | S44: FALSE | Z44: M | AA44: Unclass | AB44: Windows 10 Security Technical Implementation Guide :: Version 2, Release: 2 Benchmark Date: 04 May 2021 | AC44: Not Reviewed | AH44: CCI-002238 The information system automatically locks the account or node for either an organization-defined time period, until the locked account or node is released by an administrator, or delays the next login prompt according to the organization-defined delay algorithm when the maximum number of unsuccessful attempts is exceeded. NIST SP 800-53 Revision 4 :: AC-7 b | AJ44: AC-7 b | AK44: V-63405; SV-77895 | AL44: V-63405 | AM44: SV-77895 | AN44: =VLOOKUP(AL44,'old modules'!A:A,1,FALSE) -> #N/A
A45: V-63409 | G45: V-220740 | H45: medium | I45: SRG-OS-000021-GPOS-00005 | J45: SV-220740r569187_rule | K45: WN10-AC-000010 | L45: The number of allowed bad logon attempts must be configured to 3 or less. | M45: The account lockout feature, when enabled, prevents brute-force password attacks on the system. The higher this value is, the less effective the account lockout feature will be in protecting the local system. The number of bad logon attempts must be reasonably small to minimize the possibility of a successful password attack, while allowing for honest errors made during a normal user logon. | O45: Verify the effective setting in Local Group Policy Editor. Run "gpedit.msc". Navigate to Local Computer Policy >> Computer Configuration >> Windows Settings >> Security Settings >> Account Policies >> Account Lockout Policy. If the "Account lockout threshold" is "0" or more than "3" attempts, this is a finding. | P45: Configure the policy value for Computer Configuration >> Windows Settings >> Security Settings >> Account Policies >> Account Lockout Policy >> "Account lockout threshold" to "3" or less invalid logon attempts (excluding "0" which is unacceptable). | S45: FALSE | Z45: M | AA45: Unclass | AB45: Windows 10 Security Technical Implementation Guide :: Version 2, Release: 2 Benchmark Date: 04 May 2021 | AC45: Not Reviewed | AH45: CCI-000044 The information system enforces the organization-defined limit of consecutive invalid logon attempts by a user during the organization-defined time period. NIST SP 800-53 :: AC-7 a NIST SP 800-53A :: AC-7.1 (ii) NIST SP 800-53 Revision 4 :: AC-7 a | AJ45: AC-7 a | AK45: V-63409; SV-77899 | AL45: V-63409 | AM45: SV-77899 | AN45: =VLOOKUP(AL45,'old modules'!A:A,1,FALSE) -> #N/A
A46: V-63413 | G46: V-220741 | H46: medium | I46: SRG-OS-000021-GPOS-00005 | J46: SV-220741r569187_rule | K46: WN10-AC-000015 | L46: The period of time before the bad logon counter is reset must be configured to 15 minutes. | M46: The account lockout feature, when enabled, prevents brute-force password attacks on the system. This parameter specifies the period of time that must pass after failed logon attempts before the counter is reset to 0. The smaller this value is, the less effective the account lockout feature will be in protecting the local system. | O46: Verify the effective setting in Local Group Policy Editor. Run "gpedit.msc". Navigate to Local Computer Policy >> Computer Configuration >> Windows Settings >> Security Settings >> Account Policies >> Account Lockout Policy. If the "Reset account lockout counter after" value is less than "15" minutes, this is a finding. | P46: Configure the policy value for Computer Configuration >> Windows Settings >> Security Settings >> Account Policies >> Account Lockout Policy >> "Reset account lockout counter after" to "15" minutes. | S46: FALSE | Z46: M | AA46: Unclass | AB46: Windows 10 Security Technical Implementation Guide :: Version 2, Release: 2 Benchmark Date: 04 May 2021 | AC46: Not Reviewed | AH46: CCI-000044 The information system enforces the organization-defined limit of consecutive invalid logon attempts by a user during the organization-defined time period. NIST SP 800-53 :: AC-7 a NIST SP 800-53A :: AC-7.1 (ii) NIST SP 800-53 Revision 4 :: AC-7 a CCI-002238 The information system automatically locks the account or node for either an organization-defined time period, until the locked account or node is released by an administrator, or delays the next login prompt according to the organization-defined delay algorithm when the maximum number of unsuccessful attempts is exceeded. NIST SP 800-53 Revision 4 :: AC-7 b | AJ46: AC-7 a;AC-7 b | AK46: V-63413; SV-77903 | AL46: V-63413 | AM46: SV-77903 | AN46: =VLOOKUP(AL46,'old modules'!A:A,1,FALSE) -> #N/A
A47: V-63415 | G47: V-220742 | H47: medium | I47: SRG-OS-000077-GPOS-00045 | J47: SV-220742r569187_rule | K47: WN10-AC-000020 | L47: The password history must be configured to 24 passwords remembered. | M47: A system is more vulnerable to unauthorized access when system users recycle the same password several times without being required to change a password to a unique password on a regularly scheduled basis. This enables users to effectively negate the purpose of mandating periodic password changes. The default value is 24 for Windows domain systems. DoD has decided this is the appropriate value for all Windows systems. | O47: Verify the effective setting in Local Group Policy Editor. Run "gpedit.msc". Navigate to Local Computer Policy >> Computer Configuration >> Windows Settings >> Security Settings >> Account Policies >> Password Policy. If the value for "Enforce password history" is less than "24" passwords remembered, this is a finding. | P47: Configure the policy value for Computer Configuration >> Windows Settings >> Security Settings >> Account Policies >> Password Policy >> "Enforce password history" to "24" passwords remembered. | S47: FALSE | Z47: M | AA47: Unclass | AB47: Windows 10 Security Technical Implementation Guide :: Version 2, Release: 2 Benchmark Date: 04 May 2021 | AC47: Not Reviewed | AH47: CCI-000200 The information system prohibits password reuse for the organization defined number of generations. NIST SP 800-53 :: IA-5 (1) (e) NIST SP 800-53A :: IA-5 (1).1 (v) NIST SP 800-53 Revision 4 :: IA-5 (1) (e) | AJ47: IA-5 (1) (e) | AK47: V-63415; SV-77905 | AL47: V-63415 | AM47: SV-77905 | AN47: =VLOOKUP(AL47,'old modules'!A:A,1,FALSE) -> #N/A
A48: V-63419 | G48: V-220743 | H48: medium | I48: SRG-OS-000076-GPOS-00044 | J48: SV-220743r569187_rule | K48: WN10-AC-000025 | L48: The maximum password age must be configured to 60 days or less. | M48: The longer a password is in use, the greater the opportunity for someone to gain unauthorized knowledge of the passwords. Scheduled changing of passwords hinders the ability of unauthorized system users to crack passwords and gain access to a system. | O48: Verify the effective setting in Local Group Policy Editor. Run "gpedit.msc". Navigate to Local Computer Policy >> Computer Configuration >> Windows Settings >> Security Settings >> Account Policies >> Password Policy. If the value for the "Maximum password age" is greater than "60" days, this is a finding. If the value is set to "0" (never expires), this is a finding. | P48: Configure the policy value for Computer Configuration >> Windows Settings >> Security Settings >> Account Policies >> Password Policy >> "Maximum Password Age" to "60" days or less (excluding "0" which is unacceptable). | S48: FALSE | Z48: M | AA48: Unclass | AB48: Windows 10 Security Technical Implementation Guide :: Version 2, Release: 2 Benchmark Date: 04 May 2021 | AC48: Not Reviewed | AH48: CCI-000199 The information system enforces maximum password lifetime restrictions. NIST SP 800-53 :: IA-5 (1) (d) NIST SP 800-53A :: IA-5 (1).1 (v) NIST SP 800-53 Revision 4 :: IA-5 (1) (d) | AJ48: IA-5 (1) (d) | AK48: V-63419; SV-77909 | AL48: V-63419 | AM48: SV-77909 | AN48: =VLOOKUP(AL48,'old modules'!A:A,1,FALSE) -> #N/A
A49: V-63421 | G49: V-220744 | H49: medium | I49: SRG-OS-000075-GPOS-00043 | J49: SV-220744r569187_rule | K49: WN10-AC-000030 | L49: The minimum password age must be configured to at least 1 day. | M49: Permitting passwords to be changed in immediate succession within the same day allows users to cycle passwords through their history database. This enables users to effectively negate the purpose of mandating periodic password changes. | O49: Verify the effective setting in Local Group Policy Editor. Run "gpedit.msc". Navigate to Local Computer Policy >> Computer Configuration >> Windows Settings >> Security Settings >> Account Policies >> Password Policy. If the value for the "Minimum password age" is less than "1" day, this is a finding. | P49: Configure the policy value for Computer Configuration >> Windows Settings >> Security Settings >> Account Policies >> Password Policy >> "Minimum Password Age" to at least "1" day. | S49: FALSE | Z49: M | AA49: Unclass | AB49: Windows 10 Security Technical Implementation Guide :: Version 2, Release: 2 Benchmark Date: 04 May 2021 | AC49: Not Reviewed | AH49: CCI-000198 The information system enforces minimum password lifetime restrictions. NIST SP 800-53 :: IA-5 (1) (d) NIST SP 800-53A :: IA-5 (1).1 (v) NIST SP 800-53 Revision 4 :: IA-5 (1) (d) | AJ49: IA-5 (1) (d) | AK49: V-63421; SV-77911 | AL49: V-63421 | AM49: SV-77911 | AN49: =VLOOKUP(AL49,'old modules'!A:A,1,FALSE) -> #N/A
A50: V-63423 | G50: V-220745 | H50: medium | I50: SRG-OS-000078-GPOS-00046 | J50: SV-220745r569187_rule | K50: WN10-AC-000035 | L50: Passwords must, at a minimum, be 14 characters. | M50: Information systems not protected with strong password schemes (including passwords of minimum length) provide the opportunity for anyone to crack the password, thus gaining access to the system and compromising the device, information, or the local network. | O50: Verify the effective setting in Local Group Policy Editor. Run "gpedit.msc". Navigate to Local Computer Policy >> Computer Configuration >> Windows Settings >> Security Settings >> Account Policies >> Password Policy. If the value for the "Minimum password length," is less than "14" characters, this is a finding. | P50: Configure the policy value for Computer Configuration >> Windows Settings >> Security Settings >> Account Policies >> Password Policy >> "Minimum password length" to "14" characters. | S50: FALSE | Z50: M | AA50: Unclass | AB50: Windows 10 Security Technical Implementation Guide :: Version 2, Release: 2 Benchmark Date: 04 May 2021 | AC50: Not Reviewed | AH50: CCI-000205 The information system enforces minimum password length. NIST SP 800-53 :: IA-5 (1) (a) NIST SP 800-53A :: IA-5 (1).1 (i) NIST SP 800-53 Revision 4 :: IA-5 (1) (a) | AJ50: IA-5 (1) (a) | AK50: V-63423; SV-77913 | AL50: V-63423 | AM50: SV-77913 | AN50: =VLOOKUP(AL50,'old modules'!A:A,1,FALSE) -> #N/A
... A96: V-99549 | G96: V-220791 | H96: medium | I96: SRG-OS-000037-GPOS-00015 | J96: SV-220791r569187_rule | K96: WN10-AU-000580 | L96: Windows 10 must be configured to audit MPSSVC Rule-Level Policy Change Failures. | M96: Maintaining an audit trail of system activity logs can help identify configuration errors, troubleshoot service disruptions, and analyze compromises that have occurred, as well as detect attacks. Audit logs are necessary to provide a trail of evidence in case the system or network is compromised. Collecting this data is essential for analyzing the security of information assets and detecting signs of suspicious and unexpected behavior. Audit MPSSVC Rule-Level Policy Change determines whether the operating system generates audit events when changes are made to policy rules for the Microsoft Protection Service (MPSSVC.exe). | O96: Security Option "Audit: Force audit policy subcategory settings (Windows Vista or later) to override audit policy category settings" must be set to "Enabled" (WN10-SO-000030) for the detailed auditing subcategories to be effective. Use the AuditPol tool to review the current Audit Policy configuration: Open a Command Prompt with elevated privileges ("Run as Administrator"). Enter "AuditPol /get /category:*". Compare the AuditPol settings with the following. If the system does not audit the following, this is a finding: Policy Change >> MPSSVC Rule-Level Policy Change - Failure | P96: Configure the policy value for Computer Configuration >> Windows Settings >> Security Settings >> Advanced Audit Policy Configuration >> System Audit Policies >> Policy Change >> â€œAudit MPSSVC Rule-Level Policy Change" with "Failure" selected. | S96: FALSE | Z96: M | AA96: Unclass | AB96: Windows 10 Security Technical Implementation Guide :: Version 2, Release: 2 Benchmark Date: 04 May 2021 | AC96: Not Reviewed | AH96: CCI-000130 The information system generates audit records containing information that establishes what type of event occurred. NIST SP 800-53 :: AU-3 NIST SP 800-53A :: AU-3.1 NIST SP 800-53 Revision 4 :: AU-3 | AJ96: AU-3 | AK96: V-99549; SV-108653 | AL96: V-99549 | AM96: SV-108653 | AN96: =VLOOKUP(AL96,'old modules'!A:A,1,FALSE) -> #N/A
A97: V-63599 | B97: =(SUBSTITUTE(G97,"V-","")) -> 220812 | G97: V-220812 | H97: high | I97: SRG-OS-000480-GPOS-00227 | J97: SV-220812r569187_rule | K97: WN10-CC-000075 | L97: Credential Guard must be running on Windows 10 domain-joined systems. | M97: Credential Guard uses virtualization based security to protect information that could be used in credential theft attacks if compromised. This authentication information, which was stored in the Local Security Authority (LSA) in previous versions of Windows, is isolated from the rest of operating system and can only be accessed by privileged system software. | O97: Confirm Credential Guard is running on domain-joined systems. For those devices that support Credential Guard, this feature must be enabled. Organizations need to take the appropriate action to acquire and implement compatible hardware with Credential Guard enabled. Virtualization based security, including Credential Guard, currently cannot be implemented in virtual desktop implementations (VDI) due to specific supporting requirements including a TPM, UEFI with Secure Boot, and the capability to run the Hyper-V feature within the virtual desktop. For VDIs where the virtual desktop instance is deleted or refreshed upon logoff, this is NA. Run "PowerShell" with elevated privileges (run as administrator). Enter the following: "Get-CimInstance -ClassName Win32_DeviceGuard -Namespace root\Microsoft\Windows\DeviceGuard" If "SecurityServicesRunning" does not include a value of "1" (e.g., "{1, 2}"), this is a finding. Alternately: Run "System Information". Under "System Summary", verify the following: If "Device Guard Security Services Running" does not list "Credential Guard", this is finding. The policy settings referenced in the Fix section will configure the following registry value. However, due to hardware requirements, the registry value alone does not ensure proper function. Registry Hive: HKEY_LOCAL_MACHINE Registry Path: \SOFTWARE\Policies\Microsoft\Windows\DeviceGuard\ Value Name: LsaCfgFlags Value Type: REG_DWORD Value: 0x00000001 (1) (Enabled with UEFI lock) | P97: Virtualization based security, including Credential Guard, currently cannot be implemented in virtual desktop implementations (VDI) due to specific supporting requirements including a TPM, UEFI with Secure Boot, and the capability to run the Hyper-V feature within the virtual desktop. For VDIs where the virtual desktop instance is deleted or refreshed upon logoff, this is NA. For VDIs with persistent desktops, this may be downgraded to a CAT II only where administrators have specific tokens for the VDI. Administrator accounts on virtual desktops must only be used on systems in the VDI; they may not have administrative privileges on any other systems such as servers and physical workstations. Configure the policy value for Computer Configuration >> Administrative Templates >> System >> Device Guard >> "Turn On Virtualization Based Security" to "Enabled" with "Enabled with UEFI lock" selected for "Credential Guard Configuration:". v1507 LTSB does not include selection options; select "Enable Credential Guard". A Microsoft TechNet article on Credential Guard, including system requirement details, can be found at the following link: https://docs.microsoft.com/en-us/windows/access-protection/credential-guard/credential-guard | S97: FALSE | Z97: M | AA97: Unclass | AB97: Windows 10 Security Technical Implementation Guide :: Version 2, Release: 2 Benchmark Date: 04 May 2021 | AC97: Not Reviewed | AH97: CCI-000366 The organization implements the security configuration settings. NIST SP 800-53 :: CM-6 b NIST SP 800-53A :: CM-6.1 (iv) NIST SP 800-53 Revision 4 :: CM-6 b | AJ97: CM-6 b | AK97: V-63599; SV-78089 | AL97: V-63599 | AM97: SV-78089 | AN97: =VLOOKUP(AL97,'old modules'!A:A,1,FALSE) -> V-63599
A98: V-63685 | B98: =(SUBSTITUTE(G98,"V-","")) -> 220836 | G98: V-220836 | H98: medium | I98: SRG-OS-000095-GPOS-00049 | J98: SV-220836r569187_rule | K98: WN10-CC-000210 | L98: The Windows Defender SmartScreen for Explorer must be enabled. | M98: Windows Defender SmartScreen helps protect systems from programs downloaded from the internet that may be malicious. Enabling Windows Defender SmartScreen will warn or prevent users from running potentially malicious programs. | O98: This is applicable to unclassified systems, for other systems this is NA. If the following registry values do not exist or are not configured as specified, this is a finding: Registry Hive: HKEY_LOCAL_MACHINE Registry Path: \SOFTWARE\Policies\Microsoft\Windows\System\ Value Name: EnableSmartScreen Value Type: REG_DWORD Value: 0x00000001 (1) And Registry Hive: HKEY_LOCAL_MACHINE Registry Path: \SOFTWARE\Policies\Microsoft\Windows\System\ Value Name: ShellSmartScreenLevel Value Type: REG_SZ Value: Block v1607 LTSB: Registry Hive: HKEY_LOCAL_MACHINE Registry Path: \SOFTWARE\Policies\Microsoft\Windows\System\ Value Name: EnableSmartScreen Value Type: REG_DWORD Value: 0x00000001 (1) v1507 LTSB: Registry Hive: HKEY_LOCAL_MACHINE Registry Path: \SOFTWARE\Policies\Microsoft\Windows\System\ Value Name: EnableSmartScreen Value Type: REG_DWORD Value: 0x00000002 (2) | P98: Configure the policy value for Computer Configuration >> Administrative Templates >> Windows Components >> File Explorer >> "Configure Windows Defender SmartScreen" to "Enabled" with "Warn and prevent bypass" selected. Windows 10 includes duplicate policies for this setting. It can also be configured under Computer Configuration >> Administrative Templates >> Windows Components >> Windows Defender SmartScreen >> Explorer. v1607 LTSB: Configure the policy value for Computer Configuration >> Administrative Templates >> Windows Components >> File Explorer >> "Configure Windows SmartScreen" to "Enabled". (Selection options are not available.) v1507 LTSB: Configure the policy value for Computer Configuration >> Administrative Templates >> Windows Components >> File Explorer >> "Configure Windows SmartScreen" to "Enabled" with "Require approval from an administrator before running downloaded unknown software" selected. | S98: FALSE | Z98: M | AA98: Unclass | AB98: Windows 10 Security Technical Implementation Guide :: Version 2, Release: 2 Benchmark Date: 04 May 2021 | AC98: Not Reviewed | AH98: CCI-000381 The organization configures the information system to provide only essential capabilities. NIST SP 800-53 :: CM-7 NIST SP 800-53A :: CM-7.1 (ii) NIST SP 800-53 Revision 4 :: CM-7 a | AJ98: CM-7 a | AK98: V-63685; SV-78175 | AL98: V-63685 | AM98: SV-78175 | AN98: =VLOOKUP(AL98,'old modules'!A:A,1,FALSE) -> V-63685
A99: V-63549 | G99: V-220794 | H99: medium | I99: SRG-OS-000095-GPOS-00049 | J99: SV-220794r569187_rule | K99: WN10-CC-000010 | L99: The display of slide shows on the lock screen must be disabled. | M99: Slide shows that are displayed on the lock screen could display sensitive information to unauthorized personnel. Turning off this feature will limit access to the information to a logged on user. | O99: If the following registry value does not exist or is not configured as specified, this is a finding. Registry Hive: HKEY_LOCAL_MACHINE Registry Path: \SOFTWARE\Policies\Microsoft\Windows\Personalization\ Value Name: NoLockScreenSlideshow Value Type: REG_DWORD Value: 1 | P99: Configure the policy value for Computer Configuration >> Administrative Templates >> Control Panel >> Personalization >> "Prevent enabling lock screen slide show" to "Enabled". | S99: FALSE | Z99: M | AA99: Unclass | AB99: Windows 10 Security Technical Implementation Guide :: Version 2, Release: 2 Benchmark Date: 04 May 2021 | AC99: Not Reviewed | AH99: CCI-000381 The organization configures the information system to provide only essential capabilities. NIST SP 800-53 :: CM-7 NIST SP 800-53A :: CM-7.1 (ii) NIST SP 800-53 Revision 4 :: CM-7 a | AJ99: CM-7 a | AK99: V-63549; SV-78039 | AL99: V-63549 | AM99: SV-78039 | AN99: =VLOOKUP(AL99,'old modules'!A:A,1,FALSE) -> #N/A
A100: V-63555 | G100: V-220795 | H100: medium | I100: SRG-OS-000480-GPOS-00227 | J100: SV-220795r569187_rule | K100: WN10-CC-000020 | L100: IPv6 source routing must be configured to highest protection. | M100: Configuring the system to disable IPv6 source routing protects against spoofing. | O100: If the following registry value does not exist or is not configured as specified, this is a finding: Registry Hive: HKEY_LOCAL_MACHINE Registry Path: \SYSTEM\CurrentControlSet\Services\Tcpip6\Parameters\ Value Name: DisableIpSourceRouting Value Type: REG_DWORD Value: 2 | P100: Configure the policy value for Computer Configuration >> Administrative Templates >> MSS (Legacy) >> "MSS: (DisableIPSourceRouting IPv6) IP source routing protection level (protects against packet spoofing)" to "Highest protection, source routing is completely disabled". This policy setting requires the installation of the MSS-Legacy custom templates included with the STIG package. "MSS-Legacy.admx" and " MSS-Legacy.adml" must be copied to the \Windows\PolicyDefinitions and \Windows\PolicyDefinitions\en-US directories respectively. | S100: FALSE | Z100: M | AA100: Unclass | AB100: Windows 10 Security Technical Implementation Guide :: Version 2, Release: 2 Benchmark Date: 04 May 2021 | AC100: Not Reviewed | AH100: CCI-000366 The organization implements the security configuration settings. NIST SP 800-53 :: CM-6 b NIST SP 800-53A :: CM-6.1 (iv) NIST SP 800-53 Revision 4 :: CM-6 b | AJ100: CM-6 b | AK100: V-63555; SV-78045 | AL100: V-63555 | AM100: SV-78045 | AN100: =VLOOKUP(AL100,'old modules'!A:A,1,FALSE) -> #N/A
